"Institution ID","Institution","Game Date","Opponent ID","Opponent Name","Score For","Score Against","Location"
"5","Akron","11/13/08","86","Buffalo","40","43","Home"
"5","Akron","11/22/08","519","Ohio","42","49","Away"
"5","Akron","11/28/08","690","Temple","6","27","Away"
"5","Akron","11/05/08","709","Toledo","47","30","Home"
"5","Akron","10/18/08","204","Eastern Mich.","42","35","Away"
"5","Akron","09/06/08","688","Syracuse","42","28","Away"
"5","Akron","10/04/08","331","Kent St.","30","27","Away"
"5","Akron","09/27/08","140","Cincinnati","15","17","Home"
"5","Akron","09/20/08","725","Army","22","3","Away"
"5","Akron","09/13/08","47","Ball St.","24","41","Home"
"5","Akron","08/30/08","796","Wisconsin","17","38","Away"
"5","Akron","10/11/08","71","Bowling Green","33","37","Home"
"8","Alabama","09/13/08","772","Western Ky.","41","7","Home"
"8","Alabama","11/29/08","37","Auburn","36","0","Home"
"8","Alabama","11/15/08","430","Mississippi St.","32","7","Home"
"8","Alabama","11/08/08","365","LSU","27","21","Away"
"8","Alabama","11/01/08","30","Arkansas St.","35","0","Home"
"8","Alabama","10/25/08","694","Tennessee","29","9","Away"
"8","Alabama","10/18/08","433","Mississippi","24","20","Home"
"8","Alabama","10/04/08","334","Kentucky","17","14","Home"
"8","Alabama","08/30/08","147","Clemson","34","10","Away"
"8","Alabama","09/20/08","31","Arkansas","49","14","Away"
"8","Alabama","09/27/08","257","Georgia","41","30","Away"
"8","Alabama","01/02/09","732","Utah","17","31","Neutral Site"
"8","Alabama","12/06/08","235","Florida","20","31","Away"
"8","Alabama","09/06/08","718","Tulane","20","6","Home"
"9","UAB","11/01/08","664","Southern Miss.","14","70","Away"
"9","UAB","11/15/08","718","Tulane","41","24","Away"
"9","UAB","09/20/08","7","Alabama St.","45","10","Home"
"9","UAB","09/13/08","694","Tennessee","3","35","Away"
"9","UAB","09/06/08","229","Fla. Atlantic","34","49","Away"
"9","UAB","09/27/08","648","South Carolina","13","26","Away"
"9","UAB","11/29/08","128","UCF","15","0","Away"
"9","UAB","08/30/08","719","Tulsa","22","45","Home"
"9","UAB","10/18/08","388","Marshall","23","21","Home"
"9","UAB","10/09/08","288","Houston","20","45","Away"
"9","UAB","10/02/08","404","Memphis","30","33","Home"
"9","UAB","11/22/08","196","East Carolina","13","17","Home"
"28","Arizona St.","09/06/08","674","Stanford","41","17","Home"
"28","Arizona St.","09/13/08","465","UNLV","20","23","Home"
"28","Arizona St.","09/20/08","257","Georgia","10","27","Home"
"28","Arizona St.","10/04/08","107","California","14","24","Away"
"28","Arizona St.","10/11/08","657","Southern California","0","28","Away"
"28","Arizona St.","10/25/08","529","Oregon","20","54","Home"
"28","Arizona St.","11/01/08","528","Oregon St.","25","27","Away"
"28","Arizona St.","11/08/08","756","Washington","39","19","Away"
"28","Arizona St.","11/15/08","754","Washington St.","31","0","Home"
"28","Arizona St.","11/28/08","110","UCLA","34","9","Home"
"28","Arizona St.","12/06/08","29","Arizona","10","31","Away"
"28","Arizona St.","08/30/08","501","Northern Ariz.","30","13","Home"
"29","Arizona","08/30/08","295","Idaho","70","0","Home"
"29","Arizona","09/06/08","709","Toledo","41","16","Home"
"29","Arizona","09/13/08","473","New Mexico","28","36","Away"
"29","Arizona","09/20/08","110","UCLA","31","10","Away"
"29","Arizona","10/04/08","756","Washington","48","14","Home"
"29","Arizona","10/11/08","674","Stanford","23","24","Away"
"29","Arizona","12/20/08","77","BYU","31","21","Neutral Site"
"29","Arizona","10/25/08","657","Southern California","10","17","Home"
"29","Arizona","11/08/08","754","Washington St.","59","28","Away"
"29","Arizona","11/15/08","529","Oregon","45","55","Away"
"29","Arizona","11/22/08","528","Oregon St.","17","19","Home"
"29","Arizona","12/06/08","28","Arizona St.","31","10","Home"
"29","Arizona","10/18/08","107","California","42","27","Home"
"30","Arkansas St.","08/30/08","697","Texas A&M","18","14","Away"
"30","Arkansas St.","09/06/08","699","Texas Southern","83","10","Home"
"30","Arkansas St.","09/13/08","664","Southern Miss.","24","27","Home"
"30","Arkansas St.","09/20/08","419","Middle Tenn. St.","31","14","Home"
"30","Arkansas St.","09/27/08","404","Memphis","17","29","Away"
"30","Arkansas St.","12/06/08","716","Troy","9","35","Away"
"30","Arkansas St.","10/18/08","671","La.-Lafayette","23","28","Away"
"30","Arkansas St.","11/01/08","8","Alabama","0","35","Away"
"30","Arkansas St.","11/08/08","231","Florida Int'l","21","22","Away"
"30","Arkansas St.","11/22/08","229","Fla. Atlantic","28","14","Home"
"30","Arkansas St.","11/29/08","497","North Texas","33","28","Away"
"30","Arkansas St.","10/11/08","498","La.-Monroe","37","29","Home"
"31","Arkansas","08/30/08","771","Western Ill.","28","24","Home"
"31","Arkansas","09/06/08","498","La.-Monroe","28","27","Away"
"31","Arkansas","09/27/08","703","Texas","10","52","Away"
"31","Arkansas","09/20/08","8","Alabama","14","49","Home"
"31","Arkansas","10/04/08","235","Florida","7","38","Home"
"31","Arkansas","11/28/08","365","LSU","31","30","Home"
"31","Arkansas","10/18/08","334","Kentucky","20","21","Away"
"31","Arkansas","10/25/08","433","Mississippi","21","23","Home"
"31","Arkansas","11/01/08","719","Tulsa","30","23","Home"
"31","Arkansas","11/08/08","648","South Carolina","21","34","Away"
"31","Arkansas","11/22/08","430","Mississippi St.","28","31","Away"
"31","Arkansas","10/11/08","37","Auburn","25","22","Away"
"37","Auburn","09/06/08","664","Southern Miss.","27","13","Home"
"37","Auburn","09/13/08","430","Mississippi St.","3","2","Away"
"37","Auburn","09/20/08","365","LSU","21","26","Home"
"37","Auburn","09/27/08","694","Tennessee","14","12","Home"
"37","Auburn","10/04/08","736","Vanderbilt","13","14","Away"
"37","Auburn","08/30/08","498","La.-Monroe","34","0","Home"
"37","Auburn","10/23/08","768","West Virginia","17","34","Away"
"37","Auburn","11/01/08","433","Mississippi","7","17","Away"
"37","Auburn","11/08/08","695","Tenn.-Martin","37","20","Home"
"37","Auburn","11/15/08","257","Georgia","13","17","Home"
"37","Auburn","11/29/08","8","Alabama","0","36","Away"
"37","Auburn","10/11/08","31","Arkansas","22","25","Home"
"47","Ball St.","08/28/08","500","Northeastern","48","14","Home"
"47","Ball St.","09/05/08","726","Navy","35","23","Home"
"47","Ball St.","09/13/08","5","Akron","41","24","Away"
"47","Ball St.","09/20/08","306","Indiana","42","20","Away"
"47","Ball St.","09/27/08","331","Kent St.","41","20","Home"
"47","Ball St.","10/04/08","709","Toledo","31","0","Away"
"47","Ball St.","01/06/09","719","Tulsa","13","45","Away"
"47","Ball St.","10/25/08","204","Eastern Mich.","38","16","Home"
"47","Ball St.","11/05/08","503","Northern Ill.","45","14","Home"
"47","Ball St.","11/11/08","414","Miami (Ohio)","31","16","Away"
"47","Ball St.","11/19/08","129","Central Mich.","31","24","Away"
"47","Ball St.","11/25/08","774","Western Mich.","45","22","Home"
"47","Ball St.","12/05/08","86","Buffalo","24","42","Away"
"47","Ball St.","10/11/08","772","Western Ky.","24","7","Away"
"51","Baylor","09/06/08","508","Northwestern St.","51","6","Home"
"51","Baylor","09/12/08","754","Washington St.","45","17","Home"
"51","Baylor","09/19/08","164","Connecticut","28","31","Away"
"51","Baylor","10/04/08","522","Oklahoma","17","49","Home"
"51","Baylor","10/11/08","311","Iowa St.","38","10","Home"
"51","Baylor","11/29/08","700","Texas Tech","28","35","Away"
"51","Baylor","10/25/08","463","Nebraska","20","32","Away"
"51","Baylor","11/01/08","434","Missouri","28","31","Home"
"51","Baylor","11/08/08","703","Texas","21","45","Away"
"51","Baylor","11/15/08","697","Texas A&M","41","21","Home"
"51","Baylor","08/28/08","749","Wake Forest","13","41","Home"
"51","Baylor","10/18/08","521","Oklahoma St.","6","34","Away"
"66","Boise St.","08/30/08","294","Idaho St.","49","7","Home"
"66","Boise St.","09/13/08","71","Bowling Green","20","7","Home"
"66","Boise St.","09/20/08","529","Oregon","37","32","Away"
"66","Boise St.","10/01/08","366","Louisiana Tech","38","3","Home"
"66","Boise St.","10/11/08","664","Southern Miss.","24","7","Away"
"66","Boise St.","10/17/08","277","Hawaii","27","7","Home"
"66","Boise St.","12/23/08","698","TCU","16","17","Away"
"66","Boise St.","11/01/08","472","New Mexico St.","49","0","Away"
"66","Boise St.","11/08/08","731","Utah St.","49","14","Home"
"66","Boise St.","11/15/08","295","Idaho","45","10","Away"
"66","Boise St.","11/22/08","466","Nevada","41","34","Away"
"66","Boise St.","11/28/08","96","Fresno St.","61","10","Home"
"66","Boise St.","10/24/08","630","San Jose St.","33","16","Away"
"67","Boston College","10/18/08","742","Virginia Tech","28","23","Home"
"67","Boston College","10/25/08","457","North Carolina","24","45","Away"
"67","Boston College","11/01/08","147","Clemson","21","27","Home"
"67","Boston College","11/08/08","513","Notre Dame","17","0","Home"
"67","Boston College","11/15/08","234","Florida St.","27","17","Away"
"67","Boston College","11/22/08","749","Wake Forest","24","21","Away"
"67","Boston College","12/31/08","736","Vanderbilt","14","16","Away"
"67","Boston College","08/30/08","331","Kent St.","21","0","Away"
"67","Boston College","09/06/08","255","Georgia Tech","16","19","Home"
"67","Boston College","09/20/08","128","UCF","34","7","Home"
"67","Boston College","09/27/08","572","Rhode Island","42","0","Home"
"67","Boston College","10/04/08","490","North Carolina St.","38","31","Away"
"67","Boston College","12/06/08","742","Virginia Tech","12","30","Away"
"67","Boston College","11/29/08","392","Maryland","28","21","Home"
"71","Bowling Green","08/30/08","545","Pittsburgh","27","17","Away"
"71","Bowling Green","09/06/08","428","Minnesota","17","42","Home"
"71","Bowling Green","09/13/08","66","Boise St.","7","20","Away"
"71","Bowling Green","09/27/08","811","Wyoming","45","16","Away"
"71","Bowling Green","10/04/08","204","Eastern Mich.","21","24","Home"
"71","Bowling Green","11/28/08","709","Toledo","38","10","Away"
"71","Bowling Green","10/18/08","414","Miami (Ohio)","20","27","Home"
"71","Bowling Green","10/25/08","503","Northern Ill.","13","16","Away"
"71","Bowling Green","11/01/08","331","Kent St.","45","30","Home"
"71","Bowling Green","11/08/08","519","Ohio","28","3","Away"
"71","Bowling Green","11/21/08","86","Buffalo","34","40","Home"
"71","Bowling Green","10/11/08","5","Akron","37","33","Away"
"77","BYU","08/30/08","504","UNI","41","17","Home"
"77","BYU","09/06/08","756","Washington","28","27","Away"
"77","BYU","09/13/08","110","UCLA","59","0","Home"
"77","BYU","09/20/08","811","Wyoming","44","0","Home"
"77","BYU","10/03/08","731","Utah St.","34","14","Away"
"77","BYU","10/11/08","473","New Mexico","21","3","Home"
"77","BYU","12/20/08","29","Arizona","21","31","Away"
"77","BYU","10/25/08","465","UNLV","42","35","Home"
"77","BYU","11/01/08","156","Colorado St.","45","42","Away"
"77","BYU","11/08/08","626","San Diego St.","41","12","Home"
"77","BYU","11/15/08","721","Air Force","38","24","Away"
"77","BYU","11/22/08","732","Utah","24","48","Away"
"77","BYU","10/16/08","698","TCU","7","32","Away"
"86","Buffalo","08/28/08","704","UTEP","42","17","Home"
"86","Buffalo","09/06/08","545","Pittsburgh","16","27","Away"
"86","Buffalo","09/13/08","690","Temple","30","28","Home"
"86","Buffalo","09/20/08","434","Missouri","21","42","Away"
"86","Buffalo","09/27/08","129","Central Mich.","25","27","Away"
"86","Buffalo","10/11/08","774","Western Mich.","28","34","Home"
"86","Buffalo","01/03/09","164","Connecticut","20","38","Away"
"86","Buffalo","10/28/08","519","Ohio","32","19","Away"
"86","Buffalo","11/04/08","414","Miami (Ohio)","37","17","Home"
"86","Buffalo","11/13/08","5","Akron","43","40","Away"
"86","Buffalo","11/21/08","71","Bowling Green","40","34","Away"
"86","Buffalo","11/28/08","331","Kent St.","21","24","Home"
"86","Buffalo","12/05/08","47","Ball St.","42","24","Neutral Site"
"86","Buffalo","10/18/08","725","Army","27","24","Home"
"96","Fresno St.","09/01/08","587","Rutgers","24","7","Away"
"96","Fresno St.","09/13/08","796","Wisconsin","10","13","Home"
"96","Fresno St.","09/20/08","709","Toledo","55","54","Away"
"96","Fresno St.","09/27/08","110","UCLA","36","31","Away"
"96","Fresno St.","10/11/08","295","Idaho","45","32","Home"
"96","Fresno St.","10/25/08","731","Utah St.","30","28","Away"
"96","Fresno St.","12/20/08","156","Colorado St.","35","40","Away"
"96","Fresno St.","11/07/08","466","Nevada","28","41","Home"
"96","Fresno St.","11/15/08","472","New Mexico St.","24","17","Home"
"96","Fresno St.","11/21/08","630","San Jose St.","24","10","Away"
"96","Fresno St.","11/28/08","66","Boise St.","10","61","Away"
"96","Fresno St.","10/04/08","277","Hawaii","29","32","Home"
"96","Fresno St.","11/01/08","366","Louisiana Tech","35","38","Away"
"107","California","12/27/08","415","Miami (Fla.)","24","17","Neutral Site"
"107","California","08/30/08","416","Michigan St.","38","31","Home"
"107","California","09/06/08","754","Washington St.","66","3","Away"
"107","California","09/13/08","392","Maryland","27","35","Away"
"107","California","09/27/08","156","Colorado St.","42","7","Home"
"107","California","10/04/08","28","Arizona St.","24","14","Home"
"107","California","12/06/08","756","Washington","48","7","Home"
"107","California","10/25/08","110","UCLA","41","20","Home"
"107","California","11/01/08","529","Oregon","26","16","Home"
"107","California","11/08/08","657","Southern California","3","17","Away"
"107","California","11/15/08","528","Oregon St.","21","34","Away"
"107","California","11/22/08","674","Stanford","37","16","Home"
"107","California","10/18/08","29","Arizona","27","42","Away"
"110","UCLA","12/06/08","657","Southern California","7","28","Home"
"110","UCLA","09/13/08","77","BYU","0","59","Away"
"110","UCLA","09/01/08","694","Tennessee","27","24","Home"
"110","UCLA","09/20/08","29","Arizona","10","31","Home"
"110","UCLA","09/27/08","96","Fresno St.","31","36","Home"
"110","UCLA","10/04/08","754","Washington St.","28","3","Home"
"110","UCLA","10/11/08","529","Oregon","24","31","Away"
"110","UCLA","10/18/08","674","Stanford","23","20","Home"
"110","UCLA","10/25/08","107","California","20","41","Away"
"110","UCLA","11/08/08","528","Oregon St.","6","34","Home"
"110","UCLA","11/15/08","756","Washington","27","7","Away"
"110","UCLA","11/28/08","28","Arizona St.","9","34","Away"
"128","UCF","08/30/08","647","South Carolina St.","17","0","Home"
"128","UCF","09/06/08","651","South Fla.","24","31","Home"
"128","UCF","09/20/08","67","Boston College","7","34","Away"
"128","UCF","09/27/08","704","UTEP","13","58","Away"
"128","UCF","10/04/08","663","SMU","31","17","Home"
"128","UCF","10/11/08","415","Miami (Fla.)","14","20","Away"
"128","UCF","10/26/08","719","Tulsa","19","49","Away"
"128","UCF","11/02/08","196","East Carolina","10","13","Home"
"128","UCF","11/08/08","664","Southern Miss.","6","17","Home"
"128","UCF","11/15/08","388","Marshall","30","14","Away"
"128","UCF","11/22/08","404","Memphis","28","21","Away"
"128","UCF","11/29/08","9","UAB","0","15","Home"
"129","Central Mich.","12/26/08","229","Fla. Atlantic","21","24","Neutral Site"
"129","Central Mich.","11/28/08","204","Eastern Mich.","52","56","Away"
"129","Central Mich.","08/28/08","201","Eastern Ill.","31","12","Home"
"129","Central Mich.","09/06/08","257","Georgia","17","56","Away"
"129","Central Mich.","09/13/08","519","Ohio","31","28","Away"
"129","Central Mich.","09/20/08","559","Purdue","25","32","Away"
"129","Central Mich.","09/27/08","86","Buffalo","27","25","Home"
"129","Central Mich.","10/11/08","690","Temple","24","14","Home"
"129","Central Mich.","10/18/08","774","Western Mich.","38","28","Home"
"129","Central Mich.","10/25/08","709","Toledo","24","23","Away"
"129","Central Mich.","11/01/08","306","Indiana","37","34","Away"
"129","Central Mich.","11/12/08","503","Northern Ill.","33","30","Away"
"129","Central Mich.","11/19/08","47","Ball St.","24","31","Home"
"140","Cincinnati","01/01/09","742","Virginia Tech","7","20","Away"
"140","Cincinnati","08/28/08","202","Eastern Ky.","40","7","Home"
"140","Cincinnati","09/06/08","522","Oklahoma","26","52","Away"
"140","Cincinnati","09/20/08","414","Miami (Ohio)","45","20","Home"
"140","Cincinnati","09/27/08","5","Akron","17","15","Away"
"140","Cincinnati","10/03/08","388","Marshall","33","10","Away"
"140","Cincinnati","10/11/08","587","Rutgers","13","10","Home"
"140","Cincinnati","10/25/08","164","Connecticut","16","40","Away"
"140","Cincinnati","10/30/08","651","South Fla.","24","10","Home"
"140","Cincinnati","11/08/08","768","West Virginia","26","23","Away"
"140","Cincinnati","11/14/08","367","Louisville","28","20","Away"
"140","Cincinnati","11/22/08","545","Pittsburgh","28","21","Home"
"140","Cincinnati","11/29/08","688","Syracuse","30","10","Home"
"140","Cincinnati","12/06/08","277","Hawaii","29","24","Away"
"147","Clemson","01/01/09","463","Nebraska","21","26","Neutral Site"
"147","Clemson","08/30/08","8","Alabama","10","34","Neutral Site"
"147","Clemson","09/06/08","141","Citadel","45","17","Home"
"147","Clemson","09/13/08","490","North Carolina St.","27","9","Home"
"147","Clemson","09/20/08","647","South Carolina St.","54","0","Home"
"147","Clemson","09/27/08","392","Maryland","17","20","Home"
"147","Clemson","10/09/08","749","Wake Forest","7","12","Away"
"147","Clemson","10/18/08","255","Georgia Tech","17","21","Home"
"147","Clemson","11/01/08","67","Boston College","27","21","Away"
"147","Clemson","11/08/08","234","Florida St.","27","41","Away"
"147","Clemson","11/15/08","193","Duke","31","7","Home"
"147","Clemson","11/22/08","746","Virginia","13","3","Away"
"147","Clemson","11/29/08","648","South Carolina","31","14","Home"
"156","Colorado St.","12/20/08","96","Fresno St.","40","35","Neutral Site"
"156","Colorado St.","08/31/08","157","Colorado","17","38","Neutral Site"
"156","Colorado St.","09/06/08","102","Sacramento St.","23","20","Home"
"156","Colorado St.","09/20/08","288","Houston","28","25","Home"
"156","Colorado St.","09/27/08","107","California","7","42","Away"
"156","Colorado St.","10/04/08","465","UNLV","41","28","Home"
"156","Colorado St.","10/11/08","698","TCU","7","13","Home"
"156","Colorado St.","10/18/08","732","Utah","16","49","Away"
"156","Colorado St.","10/25/08","626","San Diego St.","38","34","Away"
"156","Colorado St.","11/01/08","77","BYU","42","45","Home"
"156","Colorado St.","11/08/08","721","Air Force","17","38","Away"
"156","Colorado St.","11/15/08","473","New Mexico","20","6","Home"
"156","Colorado St.","11/22/08","811","Wyoming","31","20","Away"
"157","Colorado","10/11/08","328","Kansas","14","30","Away"
"157","Colorado","10/18/08","327","Kansas St.","14","13","Home"
"157","Colorado","10/25/08","434","Missouri","0","58","Away"
"157","Colorado","11/01/08","697","Texas A&M","17","24","Away"
"157","Colorado","11/08/08","311","Iowa St.","28","24","Home"
"157","Colorado","11/15/08","521","Oklahoma St.","17","30","Home"
"157","Colorado","11/28/08","463","Nebraska","31","40","Away"
"157","Colorado","08/31/08","156","Colorado St.","38","17","Neutral Site"
"157","Colorado","09/06/08","207","Eastern Wash.","31","24","Home"
"157","Colorado","09/18/08","768","West Virginia","17","14","Home"
"157","Colorado","09/27/08","234","Florida St.","21","39","Neutral Site"
"157","Colorado","10/04/08","703","Texas","14","38","Home"
"164","Connecticut","01/03/09","86","Buffalo","38","20","Neutral Site"
"164","Connecticut","08/28/08","283","Hofstra","35","3","Home"
"164","Connecticut","09/06/08","690","Temple","12","9","Away"
"164","Connecticut","09/13/08","746","Virginia","45","10","Home"
"164","Connecticut","09/19/08","51","Baylor","31","28","Home"
"164","Connecticut","09/26/08","367","Louisville","26","21","Away"
"164","Connecticut","10/04/08","457","North Carolina","12","38","Away"
"164","Connecticut","10/18/08","587","Rutgers","10","12","Away"
"164","Connecticut","10/25/08","140","Cincinnati","40","16","Home"
"164","Connecticut","11/01/08","768","West Virginia","13","35","Home"
"164","Connecticut","11/15/08","688","Syracuse","39","14","Away"
"164","Connecticut","11/23/08","651","South Fla.","13","17","Away"
"164","Connecticut","12/06/08","545","Pittsburgh","10","34","Home"
"193","Duke","08/30/08","317","James Madison","31","7","Home"
"193","Duke","09/06/08","509","Northwestern","20","24","Home"
"193","Duke","09/13/08","726","Navy","41","31","Home"
"193","Duke","09/27/08","746","Virginia","31","3","Home"
"193","Duke","10/04/08","255","Georgia Tech","0","27","Away"
"193","Duke","10/18/08","415","Miami (Fla.)","31","49","Home"
"193","Duke","10/25/08","736","Vanderbilt","10","7","Away"
"193","Duke","11/01/08","749","Wake Forest","30","33","Away"
"193","Duke","11/08/08","490","North Carolina St.","17","27","Home"
"193","Duke","11/15/08","147","Clemson","7","31","Away"
"193","Duke","11/22/08","742","Virginia Tech","3","14","Away"
"193","Duke","11/29/08","457","North Carolina","20","28","Home"
"196","East Carolina","12/06/08","719","Tulsa","27","24","Away"
"196","East Carolina","01/02/09","334","Kentucky","19","25","Neutral Site"
"196","East Carolina","08/30/08","742","Virginia Tech","27","22","Neutral Site"
"196","East Carolina","09/06/08","768","West Virginia","24","3","Home"
"196","East Carolina","09/13/08","718","Tulane","28","24","Away"
"196","East Carolina","09/20/08","490","North Carolina St.","24","30","Away"
"196","East Carolina","09/27/08","288","Houston","24","41","Home"
"196","East Carolina","10/11/08","746","Virginia","20","35","Away"
"196","East Carolina","10/18/08","404","Memphis","30","10","Home"
"196","East Carolina","11/02/08","128","UCF","13","10","Away"
"196","East Carolina","11/08/08","388","Marshall","19","16","Home"
"196","East Carolina","11/15/08","664","Southern Miss.","3","21","Away"
"196","East Carolina","11/22/08","9","UAB","17","13","Away"
"196","East Carolina","11/28/08","704","UTEP","53","21","Home"
"204","Eastern Mich.","10/18/08","5","Akron","35","42","Home"
"204","Eastern Mich.","08/28/08","305","Indiana St.","52","0","Home"
"204","Eastern Mich.","11/28/08","129","Central Mich.","56","52","Home"
"204","Eastern Mich.","11/22/08","690","Temple","52","55","Away"
"204","Eastern Mich.","11/01/08","774","Western Mich.","10","31","Away"
"204","Eastern Mich.","10/25/08","47","Ball St.","16","38","Away"
"204","Eastern Mich.","10/11/08","725","Army","13","17","Away"
"204","Eastern Mich.","10/04/08","71","Bowling Green","24","21","Away"
"204","Eastern Mich.","09/27/08","503","Northern Ill.","0","37","Home"
"204","Eastern Mich.","09/20/08","392","Maryland","24","51","Away"
"204","Eastern Mich.","09/13/08","709","Toledo","17","41","Home"
"204","Eastern Mich.","09/06/08","416","Michigan St.","10","42","Away"
"229","Fla. Atlantic","09/20/08","428","Minnesota","3","37","Away"
"229","Fla. Atlantic","09/30/08","419","Middle Tenn. St.","13","14","Away"
"229","Fla. Atlantic","09/13/08","416","Michigan St.","0","17","Away"
"229","Fla. Atlantic","09/06/08","9","UAB","49","34","Home"
"229","Fla. Atlantic","08/30/08","703","Texas","10","52","Away"
"229","Fla. Atlantic","11/29/08","231","Florida Int'l","57","50","Home"
"229","Fla. Atlantic","11/22/08","30","Arkansas St.","14","28","Away"
"229","Fla. Atlantic","11/15/08","671","La.-Lafayette","40","29","Home"
"229","Fla. Atlantic","12/26/08","129","Central Mich.","24","21","Away"
"229","Fla. Atlantic","11/08/08","497","North Texas","46","13","Home"
"229","Fla. Atlantic","10/25/08","498","La.-Monroe","29","28","Away"
"229","Fla. Atlantic","10/18/08","772","Western Ky.","24","20","Away"
"229","Fla. Atlantic","10/07/08","716","Troy","17","30","Home"
"231","Florida Int'l","09/06/08","312","Iowa","0","42","Away"
"231","Florida Int'l","09/20/08","651","South Fla.","9","17","Home"
"231","Florida Int'l","09/27/08","709","Toledo","35","16","Away"
"231","Florida Int'l","10/04/08","497","North Texas","42","10","Away"
"231","Florida Int'l","10/11/08","419","Middle Tenn. St.","31","21","Home"
"231","Florida Int'l","08/30/08","328","Kansas","10","40","Away"
"231","Florida Int'l","11/01/08","671","La.-Lafayette","20","49","Away"
"231","Florida Int'l","11/08/08","30","Arkansas St.","22","21","Home"
"231","Florida Int'l","11/22/08","498","La.-Monroe","27","31","Home"
"231","Florida Int'l","11/29/08","229","Fla. Atlantic","50","57","Away"
"231","Florida Int'l","12/06/08","772","Western Ky.","27","3","Home"
"231","Florida Int'l","10/18/08","716","Troy","23","33","Away"
"234","Florida St.","09/06/08","769","Western Caro.","69","0","Home"
"234","Florida St.","09/13/08","693","Chattanooga","46","7","Home"
"234","Florida St.","09/20/08","749","Wake Forest","3","12","Home"
"234","Florida St.","09/27/08","157","Colorado","39","21","Neutral Site"
"234","Florida St.","10/04/08","415","Miami (Fla.)","41","39","Away"
"234","Florida St.","10/16/08","490","North Carolina St.","26","17","Away"
"234","Florida St.","10/25/08","742","Virginia Tech","30","20","Home"
"234","Florida St.","11/01/08","255","Georgia Tech","28","31","Away"
"234","Florida St.","11/08/08","147","Clemson","41","27","Home"
"234","Florida St.","11/15/08","67","Boston College","17","27","Home"
"234","Florida St.","11/22/08","392","Maryland","37","3","Away"
"234","Florida St.","11/29/08","235","Florida","15","45","Home"
"234","Florida St.","12/27/08","796","Wisconsin","42","13","Neutral Site"
"235","Florida","10/04/08","31","Arkansas","38","7","Away"
"235","Florida","10/11/08","365","LSU","51","21","Home"
"235","Florida","10/25/08","334","Kentucky","63","5","Home"
"235","Florida","11/01/08","257","Georgia","49","10","Neutral Site"
"235","Florida","11/15/08","648","South Carolina","56","6","Home"
"235","Florida","11/22/08","141","Citadel","70","19","Home"
"235","Florida","11/29/08","234","Florida St.","45","15","Away"
"235","Florida","11/08/08","736","Vanderbilt","42","14","Away"
"235","Florida","12/06/08","8","Alabama","31","20","Neutral Site"
"235","Florida","01/08/09","522","Oklahoma","24","14","Away"
"235","Florida","08/30/08","277","Hawaii","56","10","Home"
"235","Florida","09/06/08","415","Miami (Fla.)","26","3","Home"
"235","Florida","09/20/08","694","Tennessee","30","6","Away"
"235","Florida","09/27/08","433","Mississippi","30","31","Home"
"255","Georgia Tech","12/31/08","365","LSU","3","38","Neutral Site"
"255","Georgia Tech","08/28/08","315","Jacksonville St.","41","14","Home"
"255","Georgia Tech","09/06/08","67","Boston College","19","16","Away"
"255","Georgia Tech","09/13/08","742","Virginia Tech","17","20","Away"
"255","Georgia Tech","09/20/08","430","Mississippi St.","38","7","Home"
"255","Georgia Tech","10/04/08","193","Duke","27","0","Home"
"255","Georgia Tech","10/11/08","1092","Gardner-Webb","10","7","Home"
"255","Georgia Tech","10/18/08","147","Clemson","21","17","Away"
"255","Georgia Tech","10/25/08","746","Virginia","17","24","Home"
"255","Georgia Tech","11/01/08","234","Florida St.","31","28","Home"
"255","Georgia Tech","11/08/08","457","North Carolina","7","28","Away"
"255","Georgia Tech","11/20/08","415","Miami (Fla.)","41","23","Home"
"255","Georgia Tech","11/29/08","257","Georgia","45","42","Away"
"257","Georgia","01/01/09","416","Michigan St.","24","12","Away"
"257","Georgia","08/30/08","253","Ga. Southern","45","21","Home"
"257","Georgia","09/06/08","129","Central Mich.","56","17","Home"
"257","Georgia","09/13/08","648","South Carolina","14","7","Away"
"257","Georgia","09/20/08","28","Arizona St.","27","10","Away"
"257","Georgia","09/27/08","8","Alabama","30","41","Home"
"257","Georgia","10/11/08","694","Tennessee","26","14","Home"
"257","Georgia","10/18/08","736","Vanderbilt","24","14","Home"
"257","Georgia","10/25/08","365","LSU","52","38","Away"
"257","Georgia","11/01/08","235","Florida","10","49","Neutral Site"
"257","Georgia","11/08/08","334","Kentucky","42","38","Away"
"257","Georgia","11/15/08","37","Auburn","17","13","Away"
"257","Georgia","11/29/08","255","Georgia Tech","42","45","Home"
"277","Hawaii","10/04/08","96","Fresno St.","32","29","Away"
"277","Hawaii","12/24/08","513","Notre Dame","21","49","Home"
"277","Hawaii","08/30/08","235","Florida","10","56","Away"
"277","Hawaii","09/06/08","758","Weber St.","36","17","Home"
"277","Hawaii","09/13/08","528","Oregon St.","7","45","Away"
"277","Hawaii","09/27/08","630","San Jose St.","17","20","Home"
"277","Hawaii","10/11/08","366","Louisiana Tech","24","14","Home"
"277","Hawaii","10/17/08","66","Boise St.","7","27","Away"
"277","Hawaii","10/25/08","466","Nevada","38","31","Home"
"277","Hawaii","11/01/08","731","Utah St.","14","30","Away"
"277","Hawaii","11/08/08","472","New Mexico St.","42","30","Away"
"277","Hawaii","11/22/08","295","Idaho","49","17","Home"
"277","Hawaii","11/29/08","754","Washington St.","24","10","Home"
"277","Hawaii","12/06/08","140","Cincinnati","24","29","Home"
"288","Houston","12/31/08","721","Air Force","34","28","Away"
"288","Houston","08/30/08","665","Southern U.","55","3","Home"
"288","Houston","09/06/08","521","Oklahoma St.","37","56","Away"
"288","Houston","09/13/08","721","Air Force","28","31","Neutral Site"
"288","Houston","09/20/08","156","Colorado St.","25","28","Away"
"288","Houston","09/27/08","196","East Carolina","41","24","Away"
"288","Houston","10/09/08","9","UAB","45","20","Home"
"288","Houston","10/18/08","663","SMU","44","38","Away"
"288","Houston","10/28/08","388","Marshall","23","37","Away"
"288","Houston","11/08/08","718","Tulane","42","14","Home"
"288","Houston","11/15/08","719","Tulsa","70","30","Home"
"288","Houston","11/22/08","704","UTEP","42","37","Home"
"288","Houston","11/29/08","574","Rice","42","56","Away"
"295","Idaho","08/30/08","29","Arizona","0","70","Away"
"295","Idaho","09/06/08","294","Idaho St.","42","27","Home"
"295","Idaho","09/13/08","774","Western Mich.","28","51","Home"
"295","Idaho","09/20/08","731","Utah St.","17","42","Away"
"295","Idaho","09/27/08","626","San Diego St.","17","45","Away"
"295","Idaho","10/04/08","466","Nevada","14","49","Home"
"295","Idaho","10/11/08","96","Fresno St.","32","45","Away"
"295","Idaho","10/18/08","366","Louisiana Tech","14","46","Away"
"295","Idaho","10/25/08","472","New Mexico St.","20","14","Home"
"295","Idaho","11/01/08","630","San Jose St.","24","30","Home"
"295","Idaho","11/15/08","66","Boise St.","10","45","Home"
"295","Idaho","11/22/08","277","Hawaii","17","49","Away"
"301","Illinois","08/30/08","434","Missouri","42","52","Neutral Site"
"301","Illinois","09/06/08","201","Eastern Ill.","47","21","Home"
"301","Illinois","09/13/08","671","La.-Lafayette","20","17","Home"
"301","Illinois","09/27/08","539","Penn St.","24","38","Away"
"301","Illinois","10/04/08","418","Michigan","45","20","Away"
"301","Illinois","10/11/08","428","Minnesota","20","27","Home"
"301","Illinois","10/18/08","306","Indiana","55","13","Home"
"301","Illinois","10/25/08","796","Wisconsin","17","27","Away"
"301","Illinois","11/01/08","312","Iowa","27","24","Home"
"301","Illinois","11/08/08","774","Western Mich.","17","23","Neutral Site"
"301","Illinois","11/15/08","518","Ohio St.","20","30","Home"
"301","Illinois","11/22/08","509","Northwestern","10","27","Away"
"306","Indiana","08/30/08","772","Western Ky.","31","13","Home"
"306","Indiana","09/06/08","454","Murray St.","45","3","Home"
"306","Indiana","09/20/08","47","Ball St.","20","42","Home"
"306","Indiana","09/27/08","416","Michigan St.","29","42","Home"
"306","Indiana","10/04/08","428","Minnesota","7","16","Away"
"306","Indiana","10/11/08","312","Iowa","9","45","Home"
"306","Indiana","10/18/08","301","Illinois","13","55","Away"
"306","Indiana","10/25/08","509","Northwestern","21","19","Home"
"306","Indiana","11/01/08","129","Central Mich.","34","37","Home"
"306","Indiana","11/08/08","796","Wisconsin","20","55","Home"
"306","Indiana","11/15/08","539","Penn St.","7","34","Away"
"306","Indiana","11/22/08","559","Purdue","10","62","Away"
"311","Iowa St.","08/28/08","649","South Dakota St.","44","17","Home"
"311","Iowa St.","09/06/08","331","Kent St.","48","28","Home"
"311","Iowa St.","09/13/08","312","Iowa","5","17","Away"
"311","Iowa St.","09/20/08","465","UNLV","31","34","Away"
"311","Iowa St.","10/04/08","328","Kansas","33","35","Home"
"311","Iowa St.","10/11/08","51","Baylor","10","38","Away"
"311","Iowa St.","10/18/08","463","Nebraska","7","35","Home"
"311","Iowa St.","10/25/08","697","Texas A&M","35","49","Home"
"311","Iowa St.","11/01/08","521","Oklahoma St.","17","59","Away"
"311","Iowa St.","11/08/08","157","Colorado","24","28","Away"
"311","Iowa St.","11/15/08","434","Missouri","20","52","Home"
"311","Iowa St.","11/22/08","327","Kansas St.","30","38","Away"
"312","Iowa","01/01/09","648","South Carolina","31","10","Neutral Site"
"312","Iowa","08/30/08","380","Maine","46","3","Home"
"312","Iowa","09/06/08","231","Florida Int'l","42","0","Home"
"312","Iowa","09/13/08","311","Iowa St.","17","5","Home"
"312","Iowa","09/20/08","545","Pittsburgh","20","21","Away"
"312","Iowa","09/27/08","509","Northwestern","17","22","Home"
"312","Iowa","10/04/08","416","Michigan St.","13","16","Away"
"312","Iowa","10/11/08","306","Indiana","45","9","Away"
"312","Iowa","10/18/08","796","Wisconsin","38","16","Home"
"312","Iowa","11/01/08","301","Illinois","24","27","Away"
"312","Iowa","11/08/08","539","Penn St.","24","23","Home"
"312","Iowa","11/15/08","559","Purdue","22","17","Home"
"312","Iowa","11/22/08","428","Minnesota","55","0","Away"
"327","Kansas St.","08/30/08","497","North Texas","45","6","Home"
"327","Kansas St.","09/06/08","440","Montana St.","69","10","Home"
"327","Kansas St.","09/17/08","367","Louisville","29","38","Away"
"327","Kansas St.","09/27/08","671","La.-Lafayette","45","37","Home"
"327","Kansas St.","10/04/08","700","Texas Tech","28","58","Home"
"327","Kansas St.","10/11/08","697","Texas A&M","44","30","Away"
"327","Kansas St.","10/18/08","157","Colorado","13","14","Away"
"327","Kansas St.","10/25/08","522","Oklahoma","35","58","Home"
"327","Kansas St.","11/01/08","328","Kansas","21","52","Away"
"327","Kansas St.","11/08/08","434","Missouri","24","41","Away"
"327","Kansas St.","11/15/08","463","Nebraska","28","56","Home"
"327","Kansas St.","11/22/08","311","Iowa St.","38","30","Home"
"328","Kansas","12/31/08","428","Minnesota","42","21","Away"
"328","Kansas","08/30/08","231","Florida Int'l","40","10","Home"
"328","Kansas","09/06/08","366","Louisiana Tech","29","0","Home"
"328","Kansas","09/12/08","651","South Fla.","34","37","Away"
"328","Kansas","09/20/08","624","Sam Houston St.","38","14","Home"
"328","Kansas","10/04/08","311","Iowa St.","35","33","Away"
"328","Kansas","10/11/08","157","Colorado","30","14","Home"
"328","Kansas","10/18/08","522","Oklahoma","31","45","Away"
"328","Kansas","10/25/08","700","Texas Tech","21","63","Home"
"328","Kansas","11/01/08","327","Kansas St.","52","21","Home"
"328","Kansas","11/08/08","463","Nebraska","35","45","Away"
"328","Kansas","11/15/08","703","Texas","7","35","Home"
"328","Kansas","11/29/08","434","Missouri","40","37","Neutral Site"
"331","Kent St.","08/30/08","67","Boston College","0","21","Home"
"331","Kent St.","09/06/08","311","Iowa St.","28","48","Away"
"331","Kent St.","09/13/08","178","Delaware St.","24","3","Home"
"331","Kent St.","09/20/08","671","La.-Lafayette","27","44","Away"
"331","Kent St.","09/27/08","47","Ball St.","20","41","Away"
"331","Kent St.","10/04/08","5","Akron","27","30","Home"
"331","Kent St.","10/11/08","519","Ohio","19","26","Home"
"331","Kent St.","10/25/08","414","Miami (Ohio)","54","21","Away"
"331","Kent St.","11/01/08","71","Bowling Green","30","45","Away"
"331","Kent St.","11/12/08","690","Temple","41","38","Home"
"331","Kent St.","11/18/08","503","Northern Ill.","14","42","Home"
"331","Kent St.","11/28/08","86","Buffalo","24","21","Away"
"334","Kentucky","01/02/09","196","East Carolina","25","19","Away"
"334","Kentucky","09/27/08","772","Western Ky.","41","3","Home"
"334","Kentucky","10/04/08","8","Alabama","14","17","Away"
"334","Kentucky","10/11/08","648","South Carolina","17","24","Home"
"334","Kentucky","10/18/08","31","Arkansas","21","20","Home"
"334","Kentucky","10/25/08","235","Florida","5","63","Away"
"334","Kentucky","11/01/08","430","Mississippi St.","14","13","Away"
"334","Kentucky","11/08/08","257","Georgia","38","42","Home"
"334","Kentucky","11/15/08","736","Vanderbilt","24","31","Home"
"334","Kentucky","11/29/08","694","Tennessee","10","28","Away"
"334","Kentucky","08/31/08","367","Louisville","27","2","Away"
"334","Kentucky","09/06/08","485","Norfolk St.","38","3","Home"
"334","Kentucky","09/13/08","419","Middle Tenn. St.","20","14","Home"
"365","LSU","08/30/08","27","Appalachian St.","41","13","Home"
"365","LSU","11/15/08","716","Troy","40","31","Home"
"365","LSU","09/13/08","497","North Texas","41","3","Home"
"365","LSU","09/20/08","37","Auburn","26","21","Away"
"365","LSU","09/27/08","430","Mississippi St.","34","24","Home"
"365","LSU","10/11/08","235","Florida","21","51","Away"
"365","LSU","10/18/08","648","South Carolina","24","17","Away"
"365","LSU","10/25/08","257","Georgia","38","52","Home"
"365","LSU","11/01/08","718","Tulane","35","10","Home"
"365","LSU","11/08/08","8","Alabama","21","27","Home"
"365","LSU","11/22/08","433","Mississippi","13","31","Home"
"365","LSU","11/28/08","31","Arkansas","30","31","Away"
"365","LSU","12/31/08","255","Georgia Tech","38","3","Away"
"366","Louisiana Tech","12/28/08","503","Northern Ill.","17","10","Neutral Site"
"366","Louisiana Tech","10/11/08","277","Hawaii","14","24","Away"
"366","Louisiana Tech","10/18/08","295","Idaho","46","14","Home"
"366","Louisiana Tech","10/25/08","725","Army","7","14","Away"
"366","Louisiana Tech","11/01/08","96","Fresno St.","38","35","Home"
"366","Louisiana Tech","11/08/08","630","San Jose St.","21","0","Away"
"366","Louisiana Tech","11/15/08","731","Utah St.","45","38","Home"
"366","Louisiana Tech","11/22/08","472","New Mexico St.","35","31","Away"
"366","Louisiana Tech","11/29/08","466","Nevada","31","35","Home"
"366","Louisiana Tech","08/30/08","430","Mississippi St.","22","14","Home"
"366","Louisiana Tech","09/06/08","328","Kansas","0","29","Away"
"366","Louisiana Tech","09/20/08","655","Southeastern La.","41","26","Home"
"366","Louisiana Tech","10/01/08","66","Boise St.","3","38","Away"
"367","Louisville","09/06/08","692","Tennessee Tech","51","10","Home"
"367","Louisville","09/17/08","327","Kansas St.","38","29","Home"
"367","Louisville","09/26/08","164","Connecticut","21","26","Home"
"367","Louisville","10/10/08","404","Memphis","35","28","Away"
"367","Louisville","10/18/08","419","Middle Tenn. St.","42","23","Home"
"367","Louisville","10/25/08","651","South Fla.","24","20","Home"
"367","Louisville","11/01/08","688","Syracuse","21","28","Away"
"367","Louisville","11/08/08","545","Pittsburgh","7","41","Away"
"367","Louisville","11/14/08","140","Cincinnati","20","28","Home"
"367","Louisville","11/22/08","768","West Virginia","21","35","Home"
"367","Louisville","12/04/08","587","Rutgers","14","63","Away"
"367","Louisville","08/31/08","334","Kentucky","2","27","Home"
"388","Marshall","11/22/08","574","Rice","10","35","Away"
"388","Marshall","11/15/08","128","UCF","14","30","Home"
"388","Marshall","11/08/08","196","East Carolina","16","19","Away"
"388","Marshall","10/28/08","288","Houston","37","23","Home"
"388","Marshall","10/18/08","9","UAB","21","23","Away"
"388","Marshall","11/29/08","719","Tulsa","35","38","Home"
"388","Marshall","09/27/08","768","West Virginia","3","27","Away"
"388","Marshall","09/20/08","664","Southern Miss.","34","27","Away"
"388","Marshall","09/13/08","404","Memphis","17","16","Home"
"388","Marshall","09/06/08","796","Wisconsin","14","51","Away"
"388","Marshall","08/30/08","299","Illinois St.","35","10","Home"
"388","Marshall","10/03/08","140","Cincinnati","10","33","Home"
"392","Maryland","08/30/08","180","Delaware","14","7","Home"
"392","Maryland","12/30/08","466","Nevada","42","35","Away"
"392","Maryland","11/29/08","67","Boston College","21","28","Away"
"392","Maryland","11/22/08","234","Florida St.","3","37","Home"
"392","Maryland","11/15/08","457","North Carolina","17","15","Home"
"392","Maryland","11/06/08","742","Virginia Tech","13","23","Away"
"392","Maryland","10/25/08","490","North Carolina St.","27","24","Home"
"392","Maryland","10/18/08","749","Wake Forest","26","0","Home"
"392","Maryland","10/04/08","746","Virginia","0","31","Away"
"392","Maryland","09/27/08","147","Clemson","20","17","Away"
"392","Maryland","09/20/08","204","Eastern Mich.","51","24","Home"
"392","Maryland","09/06/08","419","Middle Tenn. St.","14","24","Away"
"392","Maryland","09/13/08","107","California","35","27","Home"
"404","Memphis","11/22/08","128","UCF","21","28","Home"
"404","Memphis","11/08/08","663","SMU","31","26","Away"
"404","Memphis","10/25/08","664","Southern Miss.","36","30","Home"
"404","Memphis","10/18/08","196","East Carolina","10","30","Away"
"404","Memphis","10/10/08","367","Louisville","28","35","Home"
"404","Memphis","10/02/08","9","UAB","33","30","Away"
"404","Memphis","12/20/08","651","South Fla.","14","41","Away"
"404","Memphis","09/20/08","483","Nicholls St.","31","10","Home"
"404","Memphis","09/13/08","388","Marshall","16","17","Away"
"404","Memphis","09/06/08","574","Rice","35","42","Home"
"404","Memphis","08/30/08","433","Mississippi","24","41","Away"
"404","Memphis","11/29/08","718","Tulane","45","6","Home"
"404","Memphis","09/27/08","30","Arkansas St.","29","17","Home"
"414","Miami (Ohio)","11/28/08","519","Ohio","26","41","Home"
"414","Miami (Ohio)","11/21/08","709","Toledo","14","42","Away"
"414","Miami (Ohio)","11/11/08","47","Ball St.","16","31","Home"
"414","Miami (Ohio)","11/04/08","86","Buffalo","17","37","Away"
"414","Miami (Ohio)","10/25/08","331","Kent St.","21","54","Home"
"414","Miami (Ohio)","10/18/08","71","Bowling Green","27","20","Away"
"414","Miami (Ohio)","10/11/08","503","Northern Ill.","13","17","Away"
"414","Miami (Ohio)","10/04/08","690","Temple","10","28","Home"
"414","Miami (Ohio)","09/20/08","140","Cincinnati","20","45","Away"
"414","Miami (Ohio)","09/13/08","48","Charleston So.","38","27","Home"
"414","Miami (Ohio)","09/06/08","418","Michigan","6","16","Away"
"414","Miami (Ohio)","08/28/08","736","Vanderbilt","13","34","Home"
"415","Miami (Fla.)","12/27/08","107","California","17","24","Away"
"415","Miami (Fla.)","08/28/08","48","Charleston So.","52","7","Home"
"415","Miami (Fla.)","09/06/08","235","Florida","3","26","Away"
"415","Miami (Fla.)","09/20/08","697","Texas A&M","41","23","Away"
"415","Miami (Fla.)","09/27/08","457","North Carolina","24","28","Home"
"415","Miami (Fla.)","10/04/08","234","Florida St.","39","41","Home"
"415","Miami (Fla.)","10/11/08","128","UCF","20","14","Home"
"415","Miami (Fla.)","10/18/08","193","Duke","49","31","Away"
"415","Miami (Fla.)","10/25/08","749","Wake Forest","16","10","Home"
"415","Miami (Fla.)","11/01/08","746","Virginia","24","17","Away"
"415","Miami (Fla.)","11/13/08","742","Virginia Tech","16","14","Home"
"415","Miami (Fla.)","11/20/08","255","Georgia Tech","23","41","Away"
"415","Miami (Fla.)","11/29/08","490","North Carolina St.","28","38","Away"
"416","Michigan St.","09/06/08","204","Eastern Mich.","42","10","Home"
"416","Michigan St.","09/13/08","229","Fla. Atlantic","17","0","Home"
"416","Michigan St.","09/20/08","513","Notre Dame","23","7","Home"
"416","Michigan St.","09/27/08","306","Indiana","42","29","Away"
"416","Michigan St.","10/04/08","312","Iowa","16","13","Home"
"416","Michigan St.","01/01/09","257","Georgia","12","24","Neutral Site"
"416","Michigan St.","11/22/08","539","Penn St.","18","49","Away"
"416","Michigan St.","10/18/08","518","Ohio St.","7","45","Home"
"416","Michigan St.","10/25/08","418","Michigan","35","21","Away"
"416","Michigan St.","11/01/08","796","Wisconsin","25","24","Home"
"416","Michigan St.","11/08/08","559","Purdue","21","7","Home"
"416","Michigan St.","08/30/08","107","California","31","38","Away"
"416","Michigan St.","10/11/08","509","Northwestern","37","20","Away"
"418","Michigan","11/22/08","518","Ohio St.","7","42","Away"
"418","Michigan","11/15/08","509","Northwestern","14","21","Home"
"418","Michigan","11/08/08","428","Minnesota","29","6","Away"
"418","Michigan","11/01/08","559","Purdue","42","48","Away"
"418","Michigan","10/25/08","416","Michigan St.","21","35","Home"
"418","Michigan","10/11/08","709","Toledo","10","13","Home"
"418","Michigan","10/04/08","301","Illinois","20","45","Home"
"418","Michigan","09/27/08","796","Wisconsin","27","25","Home"
"418","Michigan","09/13/08","513","Notre Dame","17","35","Away"
"418","Michigan","09/06/08","414","Miami (Ohio)","16","6","Home"
"418","Michigan","08/30/08","732","Utah","23","25","Home"
"418","Michigan","10/18/08","539","Penn St.","17","46","Away"
"419","Middle Tenn. St.","12/03/08","671","La.-Lafayette","28","42","Away"
"419","Middle Tenn. St.","11/22/08","497","North Texas","52","13","Home"
"419","Middle Tenn. St.","11/15/08","772","Western Ky.","21","10","Away"
"419","Middle Tenn. St.","11/08/08","498","La.-Monroe","24","21","Home"
"419","Middle Tenn. St.","10/25/08","430","Mississippi St.","22","31","Away"
"419","Middle Tenn. St.","08/28/08","716","Troy","17","31","Home"
"419","Middle Tenn. St.","10/11/08","231","Florida Int'l","21","31","Away"
"419","Middle Tenn. St.","09/30/08","229","Fla. Atlantic","14","13","Home"
"419","Middle Tenn. St.","09/20/08","30","Arkansas St.","14","31","Away"
"419","Middle Tenn. St.","09/13/08","334","Kentucky","14","20","Away"
"419","Middle Tenn. St.","09/06/08","392","Maryland","24","14","Home"
"419","Middle Tenn. St.","10/18/08","367","Louisville","23","42","Away"
"428","Minnesota","08/30/08","503","Northern Ill.","31","27","Home"
"428","Minnesota","09/06/08","71","Bowling Green","42","17","Away"
"428","Minnesota","09/13/08","440","Montana St.","35","23","Home"
"428","Minnesota","09/20/08","229","Fla. Atlantic","37","3","Home"
"428","Minnesota","09/27/08","518","Ohio St.","21","34","Away"
"428","Minnesota","10/04/08","306","Indiana","16","7","Home"
"428","Minnesota","10/11/08","301","Illinois","27","20","Away"
"428","Minnesota","10/25/08","559","Purdue","17","6","Away"
"428","Minnesota","11/01/08","509","Northwestern","17","24","Home"
"428","Minnesota","11/08/08","418","Michigan","6","29","Home"
"428","Minnesota","11/15/08","796","Wisconsin","32","35","Away"
"428","Minnesota","11/22/08","312","Iowa","0","55","Home"
"428","Minnesota","12/31/08","328","Kansas","21","42","Neutral Site"
"430","Mississippi St.","08/30/08","366","Louisiana Tech","14","22","Away"
"430","Mississippi St.","09/06/08","655","Southeastern La.","34","10","Home"
"430","Mississippi St.","09/13/08","37","Auburn","2","3","Home"
"430","Mississippi St.","09/20/08","255","Georgia Tech","7","38","Away"
"430","Mississippi St.","09/27/08","365","LSU","24","34","Away"
"430","Mississippi St.","11/28/08","433","Mississippi","0","45","Away"
"430","Mississippi St.","10/18/08","694","Tennessee","3","34","Away"
"430","Mississippi St.","10/25/08","419","Middle Tenn. St.","31","22","Home"
"430","Mississippi St.","11/01/08","334","Kentucky","13","14","Home"
"430","Mississippi St.","11/15/08","8","Alabama","7","32","Away"
"430","Mississippi St.","11/22/08","31","Arkansas","31","28","Home"
"430","Mississippi St.","10/11/08","736","Vanderbilt","17","14","Home"
"433","Mississippi","08/30/08","404","Memphis","41","24","Home"
"433","Mississippi","09/06/08","749","Wake Forest","28","30","Away"
"433","Mississippi","09/13/08","625","Samford","34","10","Home"
"433","Mississippi","09/20/08","736","Vanderbilt","17","23","Home"
"433","Mississippi","09/27/08","235","Florida","31","30","Away"
"433","Mississippi","10/04/08","648","South Carolina","24","31","Home"
"433","Mississippi","01/02/09","700","Texas Tech","47","34","Away"
"433","Mississippi","10/25/08","31","Arkansas","23","21","Away"
"433","Mississippi","11/01/08","37","Auburn","17","7","Home"
"433","Mississippi","11/15/08","498","La.-Monroe","59","0","Home"
"433","Mississippi","11/22/08","365","LSU","31","13","Away"
"433","Mississippi","11/28/08","430","Mississippi St.","45","0","Home"
"433","Mississippi","10/18/08","8","Alabama","20","24","Away"
"434","Missouri","10/04/08","463","Nebraska","52","17","Away"
"434","Missouri","10/11/08","521","Oklahoma St.","23","28","Home"
"434","Missouri","10/18/08","703","Texas","31","56","Away"
"434","Missouri","10/25/08","157","Colorado","58","0","Home"
"434","Missouri","11/01/08","51","Baylor","31","28","Away"
"434","Missouri","11/08/08","327","Kansas St.","41","24","Home"
"434","Missouri","12/29/08","509","Northwestern","30","23","Away"
"434","Missouri","11/29/08","328","Kansas","37","40","Neutral Site"
"434","Missouri","08/30/08","301","Illinois","52","42","Neutral Site"
"434","Missouri","09/06/08","654","Southeast Mo. St.","52","3","Home"
"434","Missouri","09/13/08","466","Nevada","69","17","Home"
"434","Missouri","09/20/08","86","Buffalo","42","21","Home"
"434","Missouri","12/06/08","522","Oklahoma","21","62","Away"
"434","Missouri","11/15/08","311","Iowa St.","52","20","Away"
"457","North Carolina","08/30/08","402","McNeese St.","35","27","Home"
"457","North Carolina","09/11/08","587","Rutgers","44","12","Away"
"457","North Carolina","09/20/08","742","Virginia Tech","17","20","Home"
"457","North Carolina","09/27/08","415","Miami (Fla.)","28","24","Away"
"457","North Carolina","10/04/08","164","Connecticut","38","12","Home"
"457","North Carolina","10/11/08","513","Notre Dame","29","24","Home"
"457","North Carolina","12/27/08","768","West Virginia","30","31","Neutral Site"
"457","North Carolina","10/25/08","67","Boston College","45","24","Home"
"457","North Carolina","11/08/08","255","Georgia Tech","28","7","Home"
"457","North Carolina","11/15/08","392","Maryland","15","17","Away"
"457","North Carolina","11/22/08","490","North Carolina St.","10","41","Home"
"457","North Carolina","11/29/08","193","Duke","28","20","Away"
"457","North Carolina","10/18/08","746","Virginia","13","16","Away"
"463","Nebraska","08/30/08","774","Western Mich.","47","24","Home"
"463","Nebraska","09/06/08","630","San Jose St.","35","12","Home"
"463","Nebraska","09/13/08","472","New Mexico St.","38","7","Home"
"463","Nebraska","09/27/08","742","Virginia Tech","30","35","Home"
"463","Nebraska","10/04/08","434","Missouri","17","52","Home"
"463","Nebraska","10/11/08","700","Texas Tech","31","37","Away"
"463","Nebraska","01/01/09","147","Clemson","26","21","Away"
"463","Nebraska","10/25/08","51","Baylor","32","20","Home"
"463","Nebraska","11/01/08","522","Oklahoma","28","62","Away"
"463","Nebraska","11/08/08","328","Kansas","45","35","Home"
"463","Nebraska","11/15/08","327","Kansas St.","56","28","Away"
"463","Nebraska","11/28/08","157","Colorado","40","31","Home"
"463","Nebraska","10/18/08","311","Iowa St.","35","7","Away"
"465","UNLV","08/30/08","731","Utah St.","27","17","Home"
"465","UNLV","09/06/08","732","Utah","21","42","Away"
"465","UNLV","09/13/08","28","Arizona St.","23","20","Away"
"465","UNLV","09/20/08","311","Iowa St.","34","31","Home"
"465","UNLV","09/27/08","466","Nevada","27","49","Home"
"465","UNLV","11/22/08","626","San Diego St.","21","42","Away"
"465","UNLV","10/18/08","721","Air Force","28","29","Home"
"465","UNLV","10/25/08","77","BYU","35","42","Away"
"465","UNLV","11/01/08","698","TCU","14","44","Home"
"465","UNLV","11/08/08","473","New Mexico","27","20","Home"
"465","UNLV","11/13/08","811","Wyoming","22","14","Home"
"465","UNLV","10/04/08","156","Colorado St.","28","41","Away"
"466","Nevada","11/07/08","96","Fresno St.","41","28","Away"
"466","Nevada","11/15/08","630","San Jose St.","41","17","Home"
"466","Nevada","11/22/08","66","Boise St.","34","41","Home"
"466","Nevada","11/29/08","366","Louisiana Tech","35","31","Away"
"466","Nevada","12/30/08","392","Maryland","35","42","Neutral Site"
"466","Nevada","08/30/08","261","Grambling","49","13","Home"
"466","Nevada","10/25/08","277","Hawaii","31","38","Away"
"466","Nevada","09/13/08","434","Missouri","17","69","Away"
"466","Nevada","09/27/08","465","UNLV","49","27","Away"
"466","Nevada","10/04/08","295","Idaho","49","14","Away"
"466","Nevada","10/11/08","472","New Mexico St.","45","48","Home"
"466","Nevada","10/18/08","731","Utah St.","44","17","Home"
"466","Nevada","09/06/08","700","Texas Tech","19","35","Home"
"472","New Mexico St.","10/04/08","17","Alcorn St.","45","10","Home"
"472","New Mexico St.","09/13/08","463","Nebraska","7","38","Away"
"472","New Mexico St.","09/20/08","704","UTEP","34","33","Away"
"472","New Mexico St.","09/27/08","473","New Mexico","24","35","Home"
"472","New Mexico St.","10/11/08","466","Nevada","48","45","Away"
"472","New Mexico St.","11/29/08","731","Utah St.","2","47","Away"
"472","New Mexico St.","10/25/08","295","Idaho","14","20","Away"
"472","New Mexico St.","11/01/08","66","Boise St.","0","49","Home"
"472","New Mexico St.","11/08/08","277","Hawaii","30","42","Home"
"472","New Mexico St.","11/15/08","96","Fresno St.","17","24","Away"
"472","New Mexico St.","11/22/08","366","Louisiana Tech","31","35","Home"
"472","New Mexico St.","10/18/08","630","San Jose St.","14","31","Home"
"473","New Mexico","08/30/08","698","TCU","3","26","Home"
"473","New Mexico","09/06/08","697","Texas A&M","22","28","Home"
"473","New Mexico","09/13/08","29","Arizona","36","28","Home"
"473","New Mexico","09/20/08","719","Tulsa","14","56","Away"
"473","New Mexico","09/27/08","472","New Mexico St.","35","24","Away"
"473","New Mexico","11/15/08","156","Colorado St.","6","20","Away"
"473","New Mexico","10/11/08","77","BYU","3","21","Away"
"473","New Mexico","10/18/08","626","San Diego St.","70","7","Home"
"473","New Mexico","10/23/08","721","Air Force","10","23","Away"
"473","New Mexico","11/01/08","732","Utah","10","13","Home"
"473","New Mexico","11/08/08","465","UNLV","20","27","Away"
"473","New Mexico","10/04/08","811","Wyoming","24","0","Home"
"490","North Carolina St.","09/13/08","147","Clemson","9","27","Away"
"490","North Carolina St.","08/28/08","648","South Carolina","0","34","Away"
"490","North Carolina St.","09/06/08","786","William & Mary","34","24","Home"
"490","North Carolina St.","09/20/08","196","East Carolina","30","24","Home"
"490","North Carolina St.","09/27/08","651","South Fla.","10","41","Home"
"490","North Carolina St.","10/04/08","67","Boston College","31","38","Home"
"490","North Carolina St.","12/29/08","587","Rutgers","23","29","Away"
"490","North Carolina St.","10/25/08","392","Maryland","24","27","Away"
"490","North Carolina St.","11/08/08","193","Duke","27","17","Away"
"490","North Carolina St.","11/15/08","749","Wake Forest","21","17","Home"
"490","North Carolina St.","11/22/08","457","North Carolina","41","10","Away"
"490","North Carolina St.","11/29/08","415","Miami (Fla.)","38","28","Home"
"490","North Carolina St.","10/16/08","234","Florida St.","17","26","Home"
"497","North Texas","08/30/08","327","Kansas St.","6","45","Away"
"497","North Texas","09/06/08","719","Tulsa","26","56","Home"
"497","North Texas","09/13/08","365","LSU","3","41","Away"
"497","North Texas","09/27/08","574","Rice","20","77","Away"
"497","North Texas","10/04/08","231","Florida Int'l","10","42","Home"
"497","North Texas","11/29/08","30","Arkansas St.","28","33","Home"
"497","North Texas","10/18/08","498","La.-Monroe","23","35","Away"
"497","North Texas","10/25/08","716","Troy","17","45","Home"
"497","North Texas","11/01/08","772","Western Ky.","51","40","Away"
"497","North Texas","11/08/08","229","Fla. Atlantic","13","46","Away"
"497","North Texas","11/22/08","419","Middle Tenn. St.","13","52","Away"
"497","North Texas","10/11/08","671","La.-Lafayette","30","59","Home"
"498","La.-Monroe","08/30/08","37","Auburn","0","34","Away"
"498","La.-Monroe","09/06/08","31","Arkansas","27","28","Home"
"498","La.-Monroe","09/12/08","6","Alabama A&M","37","15","Home"
"498","La.-Monroe","09/20/08","718","Tulane","10","24","Away"
"498","La.-Monroe","10/04/08","671","La.-Lafayette","35","44","Home"
"498","La.-Monroe","11/22/08","231","Florida Int'l","31","27","Away"
"498","La.-Monroe","10/18/08","497","North Texas","35","23","Home"
"498","La.-Monroe","10/25/08","229","Fla. Atlantic","28","29","Home"
"498","La.-Monroe","11/01/08","716","Troy","31","30","Home"
"498","La.-Monroe","11/08/08","419","Middle Tenn. St.","21","24","Away"
"498","La.-Monroe","11/15/08","433","Mississippi","0","59","Away"
"498","La.-Monroe","10/11/08","30","Arkansas St.","29","37","Away"
"503","Northern Ill.","10/04/08","694","Tennessee","9","13","Away"
"503","Northern Ill.","12/28/08","366","Louisiana Tech","10","17","Away"
"503","Northern Ill.","08/30/08","428","Minnesota","27","31","Away"
"503","Northern Ill.","09/06/08","774","Western Mich.","26","29","Away"
"503","Northern Ill.","09/20/08","305","Indiana St.","48","3","Home"
"503","Northern Ill.","09/27/08","204","Eastern Mich.","37","0","Away"
"503","Northern Ill.","11/25/08","726","Navy","0","16","Home"
"503","Northern Ill.","10/18/08","709","Toledo","38","7","Home"
"503","Northern Ill.","10/25/08","71","Bowling Green","16","13","Home"
"503","Northern Ill.","11/05/08","47","Ball St.","14","45","Away"
"503","Northern Ill.","11/12/08","129","Central Mich.","30","33","Home"
"503","Northern Ill.","11/18/08","331","Kent St.","42","14","Away"
"503","Northern Ill.","10/11/08","414","Miami (Ohio)","17","13","Home"
"509","Northwestern","08/30/08","688","Syracuse","30","10","Home"
"509","Northwestern","09/06/08","193","Duke","24","20","Away"
"509","Northwestern","09/13/08","659","Southern Ill.","33","7","Home"
"509","Northwestern","09/20/08","519","Ohio","16","8","Home"
"509","Northwestern","09/27/08","312","Iowa","22","17","Away"
"509","Northwestern","10/11/08","416","Michigan St.","20","37","Home"
"509","Northwestern","12/29/08","434","Missouri","23","30","Neutral Site"
"509","Northwestern","10/25/08","306","Indiana","19","21","Away"
"509","Northwestern","11/01/08","428","Minnesota","24","17","Away"
"509","Northwestern","11/08/08","518","Ohio St.","10","45","Home"
"509","Northwestern","11/15/08","418","Michigan","21","14","Away"
"509","Northwestern","11/22/08","301","Illinois","27","10","Home"
"509","Northwestern","10/18/08","559","Purdue","48","26","Home"
"513","Notre Dame","09/06/08","626","San Diego St.","21","13","Home"
"513","Notre Dame","09/13/08","418","Michigan","35","17","Home"
"513","Notre Dame","09/20/08","416","Michigan St.","7","23","Away"
"513","Notre Dame","09/27/08","559","Purdue","38","21","Home"
"513","Notre Dame","10/04/08","674","Stanford","28","21","Home"
"513","Notre Dame","10/11/08","457","North Carolina","24","29","Away"
"513","Notre Dame","12/24/08","277","Hawaii","49","21","Away"
"513","Notre Dame","11/01/08","545","Pittsburgh","33","36","Home"
"513","Notre Dame","11/08/08","67","Boston College","0","17","Away"
"513","Notre Dame","11/15/08","726","Navy","27","21","Neutral Site"
"513","Notre Dame","11/22/08","688","Syracuse","23","24","Home"
"513","Notre Dame","11/29/08","657","Southern California","3","38","Away"
"513","Notre Dame","10/25/08","756","Washington","33","7","Away"
"518","Ohio St.","08/30/08","817","Youngstown St.","43","0","Home"
"518","Ohio St.","09/06/08","519","Ohio","26","14","Home"
"518","Ohio St.","09/13/08","657","Southern California","3","35","Away"
"518","Ohio St.","09/20/08","716","Troy","28","10","Home"
"518","Ohio St.","09/27/08","428","Minnesota","34","21","Home"
"518","Ohio St.","10/04/08","796","Wisconsin","20","17","Away"
"518","Ohio St.","01/05/09","703","Texas","21","24","Away"
"518","Ohio St.","10/18/08","416","Michigan St.","45","7","Away"
"518","Ohio St.","10/25/08","539","Penn St.","6","13","Home"
"518","Ohio St.","11/08/08","509","Northwestern","45","10","Away"
"518","Ohio St.","11/15/08","301","Illinois","30","20","Away"
"518","Ohio St.","11/22/08","418","Michigan","42","7","Home"
"518","Ohio St.","10/11/08","559","Purdue","16","3","Home"
"519","Ohio","09/06/08","518","Ohio St.","14","26","Away"
"519","Ohio","09/13/08","129","Central Mich.","28","31","Home"
"519","Ohio","09/20/08","509","Northwestern","8","16","Away"
"519","Ohio","09/27/08","741","VMI","51","31","Home"
"519","Ohio","10/04/08","774","Western Mich.","20","41","Away"
"519","Ohio","08/30/08","811","Wyoming","20","21","Away"
"519","Ohio","10/21/08","690","Temple","10","14","Away"
"519","Ohio","10/28/08","86","Buffalo","19","32","Home"
"519","Ohio","11/08/08","71","Bowling Green","3","28","Home"
"519","Ohio","11/22/08","5","Akron","49","42","Home"
"519","Ohio","11/28/08","414","Miami (Ohio)","41","26","Away"
"519","Ohio","10/11/08","331","Kent St.","26","19","Away"
"521","Oklahoma St.","08/30/08","754","Washington St.","39","13","Neutral Site"
"521","Oklahoma St.","09/06/08","288","Houston","56","37","Home"
"521","Oklahoma St.","09/13/08","669","Missouri St.","57","13","Home"
"521","Oklahoma St.","09/27/08","716","Troy","55","24","Home"
"521","Oklahoma St.","10/04/08","697","Texas A&M","56","28","Home"
"521","Oklahoma St.","10/11/08","434","Missouri","28","23","Away"
"521","Oklahoma St.","12/30/08","529","Oregon","31","42","Away"
"521","Oklahoma St.","10/25/08","703","Texas","24","28","Away"
"521","Oklahoma St.","11/01/08","311","Iowa St.","59","17","Home"
"521","Oklahoma St.","11/08/08","700","Texas Tech","20","56","Away"
"521","Oklahoma St.","11/15/08","157","Colorado","30","17","Away"
"521","Oklahoma St.","11/29/08","522","Oklahoma","41","61","Home"
"521","Oklahoma St.","10/18/08","51","Baylor","34","6","Home"
"522","Oklahoma","10/25/08","327","Kansas St.","58","35","Away"
"522","Oklahoma","11/01/08","463","Nebraska","62","28","Home"
"522","Oklahoma","11/08/08","697","Texas A&M","66","28","Away"
"522","Oklahoma","11/22/08","700","Texas Tech","65","21","Home"
"522","Oklahoma","11/29/08","521","Oklahoma St.","61","41","Away"
"522","Oklahoma","08/30/08","693","Chattanooga","57","2","Home"
"522","Oklahoma","09/06/08","140","Cincinnati","52","26","Home"
"522","Oklahoma","09/13/08","756","Washington","55","14","Away"
"522","Oklahoma","09/27/08","698","TCU","35","10","Home"
"522","Oklahoma","10/04/08","51","Baylor","49","17","Away"
"522","Oklahoma","10/11/08","703","Texas","35","45","Neutral Site"
"522","Oklahoma","10/18/08","328","Kansas","45","31","Home"
"522","Oklahoma","12/06/08","434","Missouri","62","21","Neutral Site"
"522","Oklahoma","01/08/09","235","Florida","14","24","Neutral Site"
"528","Oregon St.","08/28/08","674","Stanford","28","36","Away"
"528","Oregon St.","09/06/08","539","Penn St.","14","45","Away"
"528","Oregon St.","09/13/08","277","Hawaii","45","7","Home"
"528","Oregon St.","09/25/08","657","Southern California","27","21","Home"
"528","Oregon St.","10/02/08","732","Utah","28","31","Away"
"528","Oregon St.","10/11/08","754","Washington St.","66","13","Home"
"528","Oregon St.","12/31/08","545","Pittsburgh","3","0","Away"
"528","Oregon St.","11/01/08","28","Arizona St.","27","25","Home"
"528","Oregon St.","11/08/08","110","UCLA","34","6","Away"
"528","Oregon St.","11/15/08","107","California","34","21","Home"
"528","Oregon St.","11/22/08","29","Arizona","19","17","Away"
"528","Oregon St.","11/29/08","529","Oregon","38","65","Home"
"528","Oregon St.","10/18/08","756","Washington","34","13","Away"
"529","Oregon","09/06/08","731","Utah St.","66","24","Home"
"529","Oregon","09/13/08","559","Purdue","32","26","Away"
"529","Oregon","09/20/08","66","Boise St.","32","37","Home"
"529","Oregon","09/27/08","754","Washington St.","63","14","Away"
"529","Oregon","10/04/08","657","Southern California","10","44","Away"
"529","Oregon","10/11/08","110","UCLA","31","24","Home"
"529","Oregon","12/30/08","521","Oklahoma St.","42","31","Neutral Site"
"529","Oregon","11/01/08","107","California","16","26","Away"
"529","Oregon","11/08/08","674","Stanford","35","28","Home"
"529","Oregon","11/15/08","29","Arizona","55","45","Home"
"529","Oregon","11/29/08","528","Oregon St.","65","38","Away"
"529","Oregon","08/30/08","756","Washington","44","10","Home"
"529","Oregon","10/25/08","28","Arizona St.","54","20","Away"
"539","Penn St.","08/30/08","149","Coastal Caro.","66","10","Home"
"539","Penn St.","09/06/08","528","Oregon St.","45","14","Home"
"539","Penn St.","09/13/08","688","Syracuse","55","13","Away"
"539","Penn St.","09/20/08","690","Temple","45","3","Home"
"539","Penn St.","09/27/08","301","Illinois","38","24","Home"
"539","Penn St.","10/04/08","559","Purdue","20","6","Away"
"539","Penn St.","01/01/09","657","Southern California","24","38","Away"
"539","Penn St.","10/18/08","418","Michigan","46","17","Home"
"539","Penn St.","10/25/08","518","Ohio St.","13","6","Away"
"539","Penn St.","11/08/08","312","Iowa","23","24","Away"
"539","Penn St.","11/15/08","306","Indiana","34","7","Home"
"539","Penn St.","11/22/08","416","Michigan St.","49","18","Home"
"539","Penn St.","10/11/08","796","Wisconsin","48","7","Away"
"545","Pittsburgh","08/30/08","71","Bowling Green","17","27","Home"
"545","Pittsburgh","09/06/08","86","Buffalo","27","16","Home"
"545","Pittsburgh","09/20/08","312","Iowa","21","20","Home"
"545","Pittsburgh","09/27/08","688","Syracuse","34","24","Away"
"545","Pittsburgh","10/02/08","651","South Fla.","26","21","Away"
"545","Pittsburgh","10/18/08","726","Navy","42","21","Away"
"545","Pittsburgh","12/31/08","528","Oregon St.","0","3","Neutral Site"
"545","Pittsburgh","11/01/08","513","Notre Dame","36","33","Away"
"545","Pittsburgh","11/08/08","367","Louisville","41","7","Home"
"545","Pittsburgh","11/22/08","140","Cincinnati","21","28","Away"
"545","Pittsburgh","11/28/08","768","West Virginia","19","15","Home"
"545","Pittsburgh","12/06/08","164","Connecticut","34","10","Away"
"545","Pittsburgh","10/25/08","587","Rutgers","34","54","Home"
"559","Purdue","09/06/08","502","Northern Colo.","42","10","Home"
"559","Purdue","09/13/08","529","Oregon","26","32","Home"
"559","Purdue","09/20/08","129","Central Mich.","32","25","Home"
"559","Purdue","09/27/08","513","Notre Dame","21","38","Away"
"559","Purdue","10/04/08","539","Penn St.","6","20","Home"
"559","Purdue","11/22/08","306","Indiana","62","10","Home"
"559","Purdue","10/18/08","509","Northwestern","26","48","Away"
"559","Purdue","10/25/08","428","Minnesota","6","17","Home"
"559","Purdue","11/01/08","418","Michigan","48","42","Home"
"559","Purdue","11/08/08","416","Michigan St.","7","21","Away"
"559","Purdue","11/15/08","312","Iowa","17","22","Away"
"559","Purdue","10/11/08","518","Ohio St.","3","16","Away"
"574","Rice","08/29/08","663","SMU","56","27","Home"
"574","Rice","09/06/08","404","Memphis","42","35","Away"
"574","Rice","09/13/08","736","Vanderbilt","21","38","Away"
"574","Rice","09/20/08","703","Texas","10","52","Away"
"574","Rice","09/27/08","497","North Texas","77","20","Home"
"574","Rice","10/04/08","719","Tulsa","28","63","Away"
"574","Rice","12/30/08","774","Western Mich.","38","14","Neutral Site"
"574","Rice","10/25/08","718","Tulane","42","17","Away"
"574","Rice","11/01/08","704","UTEP","49","44","Away"
"574","Rice","11/08/08","725","Army","38","31","Home"
"574","Rice","11/22/08","388","Marshall","35","10","Home"
"574","Rice","11/29/08","288","Houston","56","42","Home"
"574","Rice","10/18/08","664","Southern Miss.","45","40","Home"
"587","Rutgers","10/04/08","768","West Virginia","17","24","Away"
"587","Rutgers","10/11/08","140","Cincinnati","10","13","Away"
"587","Rutgers","10/18/08","164","Connecticut","12","10","Home"
"587","Rutgers","10/25/08","545","Pittsburgh","54","34","Away"
"587","Rutgers","11/08/08","688","Syracuse","35","17","Home"
"587","Rutgers","11/15/08","651","South Fla.","49","16","Away"
"587","Rutgers","09/27/08","446","Morgan St.","38","0","Home"
"587","Rutgers","12/04/08","367","Louisville","63","14","Home"
"587","Rutgers","12/29/08","490","North Carolina St.","29","23","Neutral Site"
"587","Rutgers","09/01/08","96","Fresno St.","7","24","Home"
"587","Rutgers","09/11/08","457","North Carolina","12","44","Home"
"587","Rutgers","09/20/08","726","Navy","21","23","Away"
"587","Rutgers","11/22/08","725","Army","30","3","Home"
"626","San Diego St.","11/08/08","77","BYU","12","41","Away"
"626","San Diego St.","11/01/08","811","Wyoming","10","35","Away"
"626","San Diego St.","10/25/08","156","Colorado St.","34","38","Home"
"626","San Diego St.","10/18/08","473","New Mexico","7","70","Away"
"626","San Diego St.","10/11/08","721","Air Force","10","35","Home"
"626","San Diego St.","11/22/08","465","UNLV","42","21","Home"
"626","San Diego St.","09/27/08","295","Idaho","45","17","Home"
"626","San Diego St.","09/13/08","630","San Jose St.","10","35","Away"
"626","San Diego St.","09/06/08","513","Notre Dame","13","21","Away"
"626","San Diego St.","08/30/08","90","Cal Poly","27","29","Home"
"626","San Diego St.","11/15/08","732","Utah","14","63","Home"
"626","San Diego St.","10/04/08","698","TCU","7","41","Away"
"630","San Jose St.","09/13/08","626","San Diego St.","35","10","Home"
"630","San Jose St.","09/06/08","463","Nebraska","12","35","Away"
"630","San Jose St.","08/30/08","108","UC Davis","13","10","Home"
"630","San Jose St.","11/21/08","96","Fresno St.","10","24","Home"
"630","San Jose St.","11/15/08","466","Nevada","17","41","Away"
"630","San Jose St.","11/08/08","366","Louisiana Tech","0","21","Home"
"630","San Jose St.","11/01/08","295","Idaho","30","24","Away"
"630","San Jose St.","10/24/08","66","Boise St.","16","33","Home"
"630","San Jose St.","10/18/08","472","New Mexico St.","31","14","Away"
"630","San Jose St.","10/11/08","731","Utah St.","30","7","Home"
"630","San Jose St.","09/20/08","674","Stanford","10","23","Away"
"630","San Jose St.","09/27/08","277","Hawaii","20","17","Away"
"648","South Carolina","08/28/08","490","North Carolina St.","34","0","Home"
"648","South Carolina","09/04/08","736","Vanderbilt","17","24","Away"
"648","South Carolina","09/13/08","257","Georgia","7","14","Home"
"648","South Carolina","09/20/08","2915","Wofford","23","13","Home"
"648","South Carolina","09/27/08","9","UAB","26","13","Home"
"648","South Carolina","10/04/08","433","Mississippi","31","24","Away"
"648","South Carolina","10/11/08","334","Kentucky","24","17","Away"
"648","South Carolina","10/18/08","365","LSU","17","24","Home"
"648","South Carolina","11/01/08","694","Tennessee","27","6","Home"
"648","South Carolina","11/08/08","31","Arkansas","34","21","Home"
"648","South Carolina","11/15/08","235","Florida","6","56","Away"
"648","South Carolina","11/29/08","147","Clemson","14","31","Away"
"648","South Carolina","01/01/09","312","Iowa","10","31","Away"
"651","South Fla.","08/30/08","695","Tenn.-Martin","56","7","Home"
"651","South Fla.","09/06/08","128","UCF","31","24","Away"
"651","South Fla.","09/12/08","328","Kansas","37","34","Home"
"651","South Fla.","09/20/08","231","Florida Int'l","17","9","Away"
"651","South Fla.","09/27/08","490","North Carolina St.","41","10","Away"
"651","South Fla.","10/02/08","545","Pittsburgh","21","26","Home"
"651","South Fla.","12/20/08","404","Memphis","41","14","Neutral Site"
"651","South Fla.","10/25/08","367","Louisville","20","24","Away"
"651","South Fla.","10/30/08","140","Cincinnati","10","24","Away"
"651","South Fla.","11/15/08","587","Rutgers","16","49","Home"
"651","South Fla.","11/23/08","164","Connecticut","17","13","Home"
"651","South Fla.","12/06/08","768","West Virginia","7","13","Away"
"651","South Fla.","10/18/08","688","Syracuse","45","13","Home"
"657","Southern California","08/30/08","746","Virginia","52","7","Away"
"657","Southern California","09/13/08","518","Ohio St.","35","3","Home"
"657","Southern California","09/25/08","528","Oregon St.","21","27","Away"
"657","Southern California","10/04/08","529","Oregon","44","10","Home"
"657","Southern California","10/11/08","28","Arizona St.","28","0","Home"
"657","Southern California","10/18/08","754","Washington St.","69","0","Away"
"657","Southern California","01/01/09","539","Penn St.","38","24","Neutral Site"
"657","Southern California","11/01/08","756","Washington","56","0","Home"
"657","Southern California","11/08/08","107","California","17","3","Home"
"657","Southern California","11/15/08","674","Stanford","45","23","Away"
"657","Southern California","11/29/08","513","Notre Dame","38","3","Home"
"657","Southern California","12/06/08","110","UCLA","28","7","Away"
"657","Southern California","10/25/08","29","Arizona","17","10","Away"
"663","SMU","08/29/08","574","Rice","27","56","Away"
"663","SMU","09/06/08","670","Texas St.","47","36","Home"
"663","SMU","09/13/08","700","Texas Tech","7","43","Away"
"663","SMU","09/20/08","698","TCU","7","48","Home"
"663","SMU","09/25/08","718","Tulane","27","34","Away"
"663","SMU","11/29/08","664","Southern Miss.","12","28","Home"
"663","SMU","10/11/08","719","Tulsa","31","37","Home"
"663","SMU","10/18/08","288","Houston","38","44","Home"
"663","SMU","10/25/08","726","Navy","7","34","Away"
"663","SMU","11/08/08","404","Memphis","26","31","Home"
"663","SMU","11/15/08","704","UTEP","10","36","Away"
"663","SMU","10/04/08","128","UCF","17","31","Away"
"664","Southern Miss.","08/30/08","671","La.-Lafayette","51","21","Home"
"664","Southern Miss.","09/06/08","37","Auburn","13","27","Away"
"664","Southern Miss.","09/13/08","30","Arkansas St.","27","24","Away"
"664","Southern Miss.","09/20/08","388","Marshall","27","34","Home"
"664","Southern Miss.","10/04/08","704","UTEP","37","40","Home"
"664","Southern Miss.","10/11/08","66","Boise St.","7","24","Home"
"664","Southern Miss.","12/21/08","716","Troy","30","27","Away"
"664","Southern Miss.","10/25/08","404","Memphis","30","36","Away"
"664","Southern Miss.","11/01/08","9","UAB","70","14","Home"
"664","Southern Miss.","11/08/08","128","UCF","17","6","Away"
"664","Southern Miss.","11/15/08","196","East Carolina","21","3","Home"
"664","Southern Miss.","11/29/08","663","SMU","28","12","Away"
"664","Southern Miss.","10/18/08","574","Rice","40","45","Away"
"671","La.-Lafayette","09/13/08","301","Illinois","17","20","Away"
"671","La.-Lafayette","09/20/08","331","Kent St.","44","27","Home"
"671","La.-Lafayette","09/27/08","327","Kansas St.","37","45","Away"
"671","La.-Lafayette","10/04/08","498","La.-Monroe","44","35","Away"
"671","La.-Lafayette","10/11/08","497","North Texas","59","30","Away"
"671","La.-Lafayette","08/30/08","664","Southern Miss.","21","51","Away"
"671","La.-Lafayette","11/01/08","231","Florida Int'l","49","20","Home"
"671","La.-Lafayette","11/08/08","704","UTEP","24","37","Home"
"671","La.-Lafayette","11/15/08","229","Fla. Atlantic","29","40","Away"
"671","La.-Lafayette","11/22/08","716","Troy","3","48","Away"
"671","La.-Lafayette","12/03/08","419","Middle Tenn. St.","42","28","Home"
"671","La.-Lafayette","10/18/08","30","Arkansas St.","28","23","Home"
"674","Stanford","08/28/08","528","Oregon St.","36","28","Home"
"674","Stanford","09/06/08","28","Arizona St.","17","41","Away"
"674","Stanford","09/13/08","698","TCU","14","31","Away"
"674","Stanford","09/20/08","630","San Jose St.","23","10","Home"
"674","Stanford","09/27/08","756","Washington","35","28","Away"
"674","Stanford","11/22/08","107","California","16","37","Away"
"674","Stanford","10/11/08","29","Arizona","24","23","Home"
"674","Stanford","10/18/08","110","UCLA","20","23","Away"
"674","Stanford","11/01/08","754","Washington St.","58","0","Home"
"674","Stanford","11/08/08","529","Oregon","28","35","Away"
"674","Stanford","11/15/08","657","Southern California","23","45","Home"
"674","Stanford","10/04/08","513","Notre Dame","21","28","Away"
"688","Syracuse","08/30/08","509","Northwestern","10","30","Away"
"688","Syracuse","09/06/08","5","Akron","28","42","Home"
"688","Syracuse","09/13/08","539","Penn St.","13","55","Home"
"688","Syracuse","09/20/08","500","Northeastern","30","21","Home"
"688","Syracuse","09/27/08","545","Pittsburgh","24","34","Home"
"688","Syracuse","11/29/08","140","Cincinnati","10","30","Away"
"688","Syracuse","10/18/08","651","South Fla.","13","45","Away"
"688","Syracuse","11/01/08","367","Louisville","28","21","Home"
"688","Syracuse","11/08/08","587","Rutgers","17","35","Away"
"688","Syracuse","11/15/08","164","Connecticut","14","39","Home"
"688","Syracuse","11/22/08","513","Notre Dame","24","23","Away"
"688","Syracuse","10/11/08","768","West Virginia","6","17","Away"
"690","Temple","08/29/08","725","Army","35","7","Away"
"690","Temple","09/06/08","164","Connecticut","9","12","Home"
"690","Temple","09/13/08","86","Buffalo","28","30","Away"
"690","Temple","09/20/08","539","Penn St.","3","45","Away"
"690","Temple","09/27/08","774","Western Mich.","3","7","Home"
"690","Temple","11/28/08","5","Akron","27","6","Home"
"690","Temple","10/11/08","129","Central Mich.","14","24","Away"
"690","Temple","10/21/08","519","Ohio","14","10","Home"
"690","Temple","11/01/08","726","Navy","27","33","Away"
"690","Temple","11/12/08","331","Kent St.","38","41","Away"
"690","Temple","11/22/08","204","Eastern Mich.","55","52","Home"
"690","Temple","10/04/08","414","Miami (Ohio)","28","10","Away"
"694","Tennessee","09/01/08","110","UCLA","24","27","Away"
"694","Tennessee","09/13/08","9","UAB","35","3","Home"
"694","Tennessee","09/20/08","235","Florida","6","30","Home"
"694","Tennessee","09/27/08","37","Auburn","12","14","Away"
"694","Tennessee","10/04/08","503","Northern Ill.","13","9","Home"
"694","Tennessee","11/29/08","334","Kentucky","28","10","Home"
"694","Tennessee","10/18/08","430","Mississippi St.","34","3","Home"
"694","Tennessee","10/25/08","8","Alabama","9","29","Home"
"694","Tennessee","11/01/08","648","South Carolina","6","27","Away"
"694","Tennessee","11/08/08","811","Wyoming","7","13","Home"
"694","Tennessee","11/22/08","736","Vanderbilt","20","10","Away"
"694","Tennessee","10/11/08","257","Georgia","14","26","Away"
"697","Texas A&M","08/30/08","30","Arkansas St.","14","18","Home"
"697","Texas A&M","09/06/08","473","New Mexico","28","22","Away"
"697","Texas A&M","09/20/08","415","Miami (Fla.)","23","41","Home"
"697","Texas A&M","09/27/08","725","Army","21","17","Home"
"697","Texas A&M","10/04/08","521","Oklahoma St.","28","56","Away"
"697","Texas A&M","11/27/08","703","Texas","9","49","Away"
"697","Texas A&M","10/18/08","700","Texas Tech","25","43","Home"
"697","Texas A&M","10/25/08","311","Iowa St.","49","35","Away"
"697","Texas A&M","11/01/08","157","Colorado","24","17","Home"
"697","Texas A&M","11/08/08","522","Oklahoma","28","66","Home"
"697","Texas A&M","11/15/08","51","Baylor","21","41","Away"
"697","Texas A&M","10/11/08","327","Kansas St.","30","44","Home"
"698","TCU","08/30/08","473","New Mexico","26","3","Away"
"698","TCU","09/06/08","676","Stephen F. Austin","67","7","Home"
"698","TCU","09/13/08","674","Stanford","31","14","Home"
"698","TCU","09/20/08","663","SMU","48","7","Away"
"698","TCU","09/27/08","522","Oklahoma","10","35","Away"
"698","TCU","10/04/08","626","San Diego St.","41","7","Home"
"698","TCU","12/23/08","66","Boise St.","17","16","Neutral Site"
"698","TCU","10/16/08","77","BYU","32","7","Home"
"698","TCU","10/25/08","811","Wyoming","54","7","Home"
"698","TCU","11/01/08","465","UNLV","44","14","Away"
"698","TCU","11/06/08","732","Utah","10","13","Away"
"698","TCU","11/22/08","721","Air Force","44","10","Home"
"698","TCU","10/11/08","156","Colorado St.","13","7","Away"
"700","Texas Tech","01/02/09","433","Mississippi","34","47","Neutral Site"
"700","Texas Tech","08/30/08","207","Eastern Wash.","49","24","Home"
"700","Texas Tech","09/06/08","466","Nevada","35","19","Away"
"700","Texas Tech","09/13/08","663","SMU","43","7","Home"
"700","Texas Tech","09/20/08","400","Massachusetts","56","14","Home"
"700","Texas Tech","10/04/08","327","Kansas St.","58","28","Away"
"700","Texas Tech","10/11/08","463","Nebraska","37","31","Home"
"700","Texas Tech","10/18/08","697","Texas A&M","43","25","Away"
"700","Texas Tech","10/25/08","328","Kansas","63","21","Away"
"700","Texas Tech","11/01/08","703","Texas","39","33","Home"
"700","Texas Tech","11/08/08","521","Oklahoma St.","56","20","Home"
"700","Texas Tech","11/22/08","522","Oklahoma","21","65","Away"
"700","Texas Tech","11/29/08","51","Baylor","35","28","Home"
"703","Texas","10/18/08","434","Missouri","56","31","Home"
"703","Texas","10/25/08","521","Oklahoma St.","28","24","Home"
"703","Texas","11/01/08","700","Texas Tech","33","39","Away"
"703","Texas","11/08/08","51","Baylor","45","21","Home"
"703","Texas","11/15/08","328","Kansas","35","7","Away"
"703","Texas","11/27/08","697","Texas A&M","49","9","Home"
"703","Texas","10/11/08","522","Oklahoma","45","35","Neutral Site"
"703","Texas","08/30/08","229","Fla. Atlantic","52","10","Home"
"703","Texas","09/06/08","704","UTEP","42","13","Away"
"703","Texas","09/27/08","31","Arkansas","52","10","Home"
"703","Texas","09/20/08","574","Rice","52","10","Home"
"703","Texas","10/04/08","157","Colorado","38","14","Away"
"703","Texas","01/05/09","518","Ohio St.","24","21","Neutral Site"
"704","UTEP","09/20/08","472","New Mexico St.","33","34","Home"
"704","UTEP","09/27/08","128","UCF","58","13","Home"
"704","UTEP","10/04/08","664","Southern Miss.","40","37","Away"
"704","UTEP","10/11/08","718","Tulane","24","21","Home"
"704","UTEP","10/18/08","719","Tulsa","35","77","Away"
"704","UTEP","09/06/08","703","Texas","13","42","Home"
"704","UTEP","11/08/08","671","La.-Lafayette","37","24","Away"
"704","UTEP","11/15/08","663","SMU","36","10","Home"
"704","UTEP","11/22/08","288","Houston","37","42","Away"
"704","UTEP","11/28/08","196","East Carolina","21","53","Away"
"704","UTEP","08/28/08","86","Buffalo","17","42","Away"
"704","UTEP","11/01/08","574","Rice","44","49","Home"
"709","Toledo","09/06/08","29","Arizona","16","41","Away"
"709","Toledo","09/13/08","204","Eastern Mich.","41","17","Away"
"709","Toledo","09/20/08","96","Fresno St.","54","55","Home"
"709","Toledo","09/27/08","231","Florida Int'l","16","35","Home"
"709","Toledo","10/04/08","47","Ball St.","0","31","Home"
"709","Toledo","11/28/08","71","Bowling Green","10","38","Home"
"709","Toledo","10/18/08","503","Northern Ill.","7","38","Away"
"709","Toledo","10/25/08","129","Central Mich.","23","24","Home"
"709","Toledo","11/05/08","5","Akron","30","47","Away"
"709","Toledo","11/15/08","774","Western Mich.","17","27","Away"
"709","Toledo","11/21/08","414","Miami (Ohio)","42","14","Home"
"709","Toledo","10/11/08","418","Michigan","13","10","Away"
"716","Troy","08/28/08","419","Middle Tenn. St.","31","17","Away"
"716","Troy","11/15/08","365","LSU","31","40","Away"
"716","Troy","09/13/08","17","Alcorn St.","65","0","Home"
"716","Troy","09/20/08","518","Ohio St.","10","28","Away"
"716","Troy","09/27/08","521","Oklahoma St.","24","55","Away"
"716","Troy","10/07/08","229","Fla. Atlantic","30","17","Away"
"716","Troy","12/21/08","664","Southern Miss.","27","30","Neutral Site"
"716","Troy","10/25/08","497","North Texas","45","17","Away"
"716","Troy","11/01/08","498","La.-Monroe","30","31","Away"
"716","Troy","11/08/08","772","Western Ky.","17","7","Home"
"716","Troy","11/22/08","671","La.-Lafayette","48","3","Home"
"716","Troy","12/06/08","30","Arkansas St.","35","9","Home"
"716","Troy","10/18/08","231","Florida Int'l","33","23","Home"
"718","Tulane","09/06/08","8","Alabama","6","20","Away"
"718","Tulane","09/13/08","196","East Carolina","24","28","Home"
"718","Tulane","09/20/08","498","La.-Monroe","24","10","Home"
"718","Tulane","09/25/08","663","SMU","34","27","Home"
"718","Tulane","10/04/08","725","Army","13","44","Home"
"718","Tulane","11/29/08","404","Memphis","6","45","Away"
"718","Tulane","10/25/08","574","Rice","17","42","Home"
"718","Tulane","11/01/08","365","LSU","10","35","Away"
"718","Tulane","11/08/08","288","Houston","14","42","Away"
"718","Tulane","11/15/08","9","UAB","24","41","Home"
"718","Tulane","11/22/08","719","Tulsa","7","56","Away"
"718","Tulane","10/11/08","704","UTEP","21","24","Away"
"719","Tulsa","01/06/09","47","Ball St.","45","13","Neutral Site"
"719","Tulsa","11/15/08","288","Houston","30","70","Away"
"719","Tulsa","11/22/08","718","Tulane","56","7","Home"
"719","Tulsa","11/29/08","388","Marshall","38","35","Away"
"719","Tulsa","08/30/08","9","UAB","45","22","Away"
"719","Tulsa","09/06/08","497","North Texas","56","26","Away"
"719","Tulsa","12/06/08","196","East Carolina","24","27","Home"
"719","Tulsa","09/27/08","1004","Central Ark.","62","34","Home"
"719","Tulsa","10/04/08","574","Rice","63","28","Home"
"719","Tulsa","10/11/08","663","SMU","37","31","Away"
"719","Tulsa","10/18/08","704","UTEP","77","35","Home"
"719","Tulsa","10/26/08","128","UCF","49","19","Home"
"719","Tulsa","11/01/08","31","Arkansas","23","30","Away"
"719","Tulsa","09/20/08","473","New Mexico","56","14","Home"
"721","Air Force","12/31/08","288","Houston","28","34","Neutral Site"
"721","Air Force","08/30/08","667","Southern Utah","41","7","Home"
"721","Air Force","09/06/08","811","Wyoming","23","3","Away"
"721","Air Force","09/13/08","288","Houston","31","28","Away"
"721","Air Force","09/20/08","732","Utah","23","30","Home"
"721","Air Force","10/04/08","726","Navy","27","33","Home"
"721","Air Force","11/22/08","698","TCU","10","44","Away"
"721","Air Force","10/18/08","465","UNLV","29","28","Away"
"721","Air Force","10/23/08","473","New Mexico","23","10","Home"
"721","Air Force","11/01/08","725","Army","16","7","Away"
"721","Air Force","11/08/08","156","Colorado St.","38","17","Home"
"721","Air Force","11/15/08","77","BYU","24","38","Home"
"721","Air Force","10/11/08","626","San Diego St.","35","10","Away"
"725","Army","08/29/08","690","Temple","7","35","Home"
"725","Army","09/06/08","469","New Hampshire","10","28","Home"
"725","Army","09/20/08","5","Akron","3","22","Home"
"725","Army","09/27/08","697","Texas A&M","17","21","Away"
"725","Army","10/04/08","718","Tulane","44","13","Away"
"725","Army","12/06/08","726","Navy","0","34","Neutral Site"
"725","Army","10/18/08","86","Buffalo","24","27","Away"
"725","Army","10/25/08","366","Louisiana Tech","14","7","Home"
"725","Army","11/01/08","721","Air Force","7","16","Home"
"725","Army","11/08/08","574","Rice","31","38","Away"
"725","Army","11/22/08","587","Rutgers","3","30","Away"
"725","Army","10/11/08","204","Eastern Mich.","17","13","Home"
"726","Navy","08/30/08","711","Towson","41","13","Home"
"726","Navy","09/05/08","47","Ball St.","23","35","Away"
"726","Navy","09/13/08","193","Duke","31","41","Away"
"726","Navy","09/20/08","587","Rutgers","23","21","Home"
"726","Navy","09/27/08","749","Wake Forest","24","17","Away"
"726","Navy","10/04/08","721","Air Force","33","27","Away"
"726","Navy","12/20/08","749","Wake Forest","19","29","Neutral Site"
"726","Navy","10/25/08","663","SMU","34","7","Home"
"726","Navy","11/01/08","690","Temple","33","27","Home"
"726","Navy","11/15/08","513","Notre Dame","21","27","Neutral Site"
"726","Navy","11/25/08","503","Northern Ill.","16","0","Away"
"726","Navy","12/06/08","725","Army","34","0","Neutral Site"
"726","Navy","10/18/08","545","Pittsburgh","21","42","Home"
"731","Utah St.","10/25/08","96","Fresno St.","28","30","Home"
"731","Utah St.","11/01/08","277","Hawaii","30","14","Home"
"731","Utah St.","11/08/08","66","Boise St.","14","49","Away"
"731","Utah St.","11/15/08","366","Louisiana Tech","38","45","Away"
"731","Utah St.","11/29/08","472","New Mexico St.","47","2","Home"
"731","Utah St.","08/30/08","465","UNLV","17","27","Away"
"731","Utah St.","09/06/08","529","Oregon","24","66","Away"
"731","Utah St.","09/13/08","732","Utah","10","58","Home"
"731","Utah St.","09/20/08","295","Idaho","42","17","Home"
"731","Utah St.","10/03/08","77","BYU","14","34","Home"
"731","Utah St.","10/11/08","630","San Jose St.","7","30","Away"
"731","Utah St.","10/18/08","466","Nevada","17","44","Away"
"732","Utah","08/30/08","418","Michigan","25","23","Away"
"732","Utah","09/06/08","465","UNLV","42","21","Home"
"732","Utah","09/13/08","731","Utah St.","58","10","Away"
"732","Utah","09/20/08","721","Air Force","30","23","Away"
"732","Utah","09/27/08","758","Weber St.","37","21","Home"
"732","Utah","10/02/08","528","Oregon St.","31","28","Home"
"732","Utah","01/02/09","8","Alabama","31","17","Away"
"732","Utah","10/18/08","156","Colorado St.","49","16","Home"
"732","Utah","11/01/08","473","New Mexico","13","10","Away"
"732","Utah","11/06/08","698","TCU","13","10","Home"
"732","Utah","11/15/08","626","San Diego St.","63","14","Away"
"732","Utah","11/22/08","77","BYU","48","24","Home"
"732","Utah","10/11/08","811","Wyoming","40","7","Away"
"736","Vanderbilt","08/28/08","414","Miami (Ohio)","34","13","Away"
"736","Vanderbilt","09/04/08","648","South Carolina","24","17","Home"
"736","Vanderbilt","09/13/08","574","Rice","38","21","Home"
"736","Vanderbilt","09/20/08","433","Mississippi","23","17","Away"
"736","Vanderbilt","10/04/08","37","Auburn","14","13","Home"
"736","Vanderbilt","10/11/08","430","Mississippi St.","14","17","Away"
"736","Vanderbilt","12/31/08","67","Boston College","16","14","Neutral Site"
"736","Vanderbilt","10/25/08","193","Duke","7","10","Home"
"736","Vanderbilt","11/08/08","235","Florida","14","42","Home"
"736","Vanderbilt","11/15/08","334","Kentucky","31","24","Away"
"736","Vanderbilt","11/22/08","694","Tennessee","10","20","Home"
"736","Vanderbilt","11/29/08","749","Wake Forest","10","23","Away"
"736","Vanderbilt","10/18/08","257","Georgia","14","24","Away"
"742","Virginia Tech","01/01/09","140","Cincinnati","20","7","Neutral Site"
"742","Virginia Tech","08/30/08","196","East Carolina","22","27","Neutral Site"
"742","Virginia Tech","09/06/08","244","Furman","24","7","Home"
"742","Virginia Tech","09/13/08","255","Georgia Tech","20","17","Home"
"742","Virginia Tech","09/20/08","457","North Carolina","20","17","Away"
"742","Virginia Tech","09/27/08","463","Nebraska","35","30","Away"
"742","Virginia Tech","12/06/08","67","Boston College","30","12","Neutral Site"
"742","Virginia Tech","10/18/08","67","Boston College","23","28","Away"
"742","Virginia Tech","10/25/08","234","Florida St.","20","30","Away"
"742","Virginia Tech","11/06/08","392","Maryland","23","13","Home"
"742","Virginia Tech","11/13/08","415","Miami (Fla.)","14","16","Away"
"742","Virginia Tech","11/22/08","193","Duke","14","3","Home"
"742","Virginia Tech","11/29/08","746","Virginia","17","14","Home"
"742","Virginia Tech","10/04/08","772","Western Ky.","27","13","Home"
"746","Virginia","08/30/08","657","Southern California","7","52","Home"
"746","Virginia","09/06/08","575","Richmond","16","0","Home"
"746","Virginia","09/13/08","164","Connecticut","10","45","Away"
"746","Virginia","09/27/08","193","Duke","3","31","Away"
"746","Virginia","10/04/08","392","Maryland","31","0","Home"
"746","Virginia","11/29/08","742","Virginia Tech","14","17","Away"
"746","Virginia","10/18/08","457","North Carolina","16","13","Home"
"746","Virginia","10/25/08","255","Georgia Tech","24","17","Away"
"746","Virginia","11/01/08","415","Miami (Fla.)","17","24","Home"
"746","Virginia","11/08/08","749","Wake Forest","17","28","Away"
"746","Virginia","11/22/08","147","Clemson","3","13","Home"
"746","Virginia","10/11/08","196","East Carolina","35","20","Home"
"749","Wake Forest","08/28/08","51","Baylor","41","13","Away"
"749","Wake Forest","09/06/08","433","Mississippi","30","28","Home"
"749","Wake Forest","09/20/08","234","Florida St.","12","3","Away"
"749","Wake Forest","09/27/08","726","Navy","17","24","Home"
"749","Wake Forest","10/09/08","147","Clemson","12","7","Home"
"749","Wake Forest","10/18/08","392","Maryland","0","26","Away"
"749","Wake Forest","12/20/08","726","Navy","29","19","Away"
"749","Wake Forest","11/01/08","193","Duke","33","30","Home"
"749","Wake Forest","11/08/08","746","Virginia","28","17","Home"
"749","Wake Forest","11/15/08","490","North Carolina St.","17","21","Away"
"749","Wake Forest","11/22/08","67","Boston College","21","24","Home"
"749","Wake Forest","11/29/08","736","Vanderbilt","23","10","Home"
"749","Wake Forest","10/25/08","415","Miami (Fla.)","10","16","Away"
"754","Washington St.","08/30/08","521","Oklahoma St.","13","39","Neutral Site"
"754","Washington St.","09/06/08","107","California","3","66","Home"
"754","Washington St.","09/12/08","51","Baylor","17","45","Away"
"754","Washington St.","09/20/08","550","Portland St.","48","9","Home"
"754","Washington St.","09/27/08","529","Oregon","14","63","Home"
"754","Washington St.","10/04/08","110","UCLA","3","28","Away"
"754","Washington St.","11/29/08","277","Hawaii","10","24","Away"
"754","Washington St.","10/18/08","657","Southern California","0","69","Home"
"754","Washington St.","11/01/08","674","Stanford","0","58","Away"
"754","Washington St.","11/08/08","29","Arizona","28","59","Home"
"754","Washington St.","11/15/08","28","Arizona St.","0","31","Away"
"754","Washington St.","11/22/08","756","Washington","16","13","Home"
"754","Washington St.","10/11/08","528","Oregon St.","13","66","Away"
"756","Washington","09/06/08","77","BYU","27","28","Home"
"756","Washington","09/13/08","522","Oklahoma","14","55","Home"
"756","Washington","09/27/08","674","Stanford","28","35","Home"
"756","Washington","10/04/08","29","Arizona","14","48","Away"
"756","Washington","10/18/08","528","Oregon St.","13","34","Home"
"756","Washington","08/30/08","529","Oregon","10","44","Away"
"756","Washington","11/01/08","657","Southern California","0","56","Away"
"756","Washington","11/08/08","28","Arizona St.","19","39","Home"
"756","Washington","11/15/08","110","UCLA","7","27","Home"
"756","Washington","11/22/08","754","Washington St.","13","16","Away"
"756","Washington","12/06/08","107","California","7","48","Away"
"756","Washington","10/25/08","513","Notre Dame","7","33","Home"
"768","West Virginia","08/30/08","739","Villanova","48","21","Home"
"768","West Virginia","09/06/08","196","East Carolina","3","24","Away"
"768","West Virginia","09/18/08","157","Colorado","14","17","Away"
"768","West Virginia","09/27/08","388","Marshall","27","3","Home"
"768","West Virginia","10/04/08","587","Rutgers","24","17","Home"
"768","West Virginia","10/11/08","688","Syracuse","17","6","Home"
"768","West Virginia","12/27/08","457","North Carolina","31","30","Away"
"768","West Virginia","11/01/08","164","Connecticut","35","13","Away"
"768","West Virginia","11/08/08","140","Cincinnati","23","26","Home"
"768","West Virginia","11/22/08","367","Louisville","35","21","Away"
"768","West Virginia","11/28/08","545","Pittsburgh","15","19","Away"
"768","West Virginia","12/06/08","651","South Fla.","13","7","Home"
"768","West Virginia","10/23/08","37","Auburn","34","17","Home"
"772","Western Ky.","08/30/08","306","Indiana","13","31","Away"
"772","Western Ky.","09/06/08","202","Eastern Ky.","37","13","Away"
"772","Western Ky.","09/13/08","8","Alabama","7","41","Away"
"772","Western Ky.","09/20/08","454","Murray St.","50","9","Home"
"772","Western Ky.","09/27/08","334","Kentucky","3","41","Away"
"772","Western Ky.","12/06/08","231","Florida Int'l","3","27","Away"
"772","Western Ky.","10/11/08","47","Ball St.","7","24","Home"
"772","Western Ky.","10/18/08","229","Fla. Atlantic","20","24","Home"
"772","Western Ky.","11/01/08","497","North Texas","40","51","Home"
"772","Western Ky.","11/08/08","716","Troy","7","17","Away"
"772","Western Ky.","11/15/08","419","Middle Tenn. St.","10","21","Home"
"772","Western Ky.","10/04/08","742","Virginia Tech","13","27","Away"
"774","Western Mich.","12/30/08","574","Rice","14","38","Away"
"774","Western Mich.","08/30/08","463","Nebraska","24","47","Away"
"774","Western Mich.","09/06/08","503","Northern Ill.","29","26","Home"
"774","Western Mich.","09/13/08","295","Idaho","51","28","Away"
"774","Western Mich.","09/20/08","692","Tennessee Tech","41","7","Home"
"774","Western Mich.","09/27/08","690","Temple","7","3","Away"
"774","Western Mich.","11/25/08","47","Ball St.","22","45","Away"
"774","Western Mich.","10/11/08","86","Buffalo","34","28","Away"
"774","Western Mich.","10/18/08","129","Central Mich.","28","38","Away"
"774","Western Mich.","11/01/08","204","Eastern Mich.","31","10","Home"
"774","Western Mich.","11/08/08","301","Illinois","23","17","Home"
"774","Western Mich.","11/15/08","709","Toledo","27","17","Home"
"774","Western Mich.","10/04/08","519","Ohio","41","20","Home"
"796","Wisconsin","12/27/08","234","Florida St.","13","42","Away"
"796","Wisconsin","08/30/08","5","Akron","38","17","Home"
"796","Wisconsin","09/06/08","388","Marshall","51","14","Home"
"796","Wisconsin","09/13/08","96","Fresno St.","13","10","Away"
"796","Wisconsin","09/27/08","418","Michigan","25","27","Away"
"796","Wisconsin","10/04/08","518","Ohio St.","17","20","Home"
"796","Wisconsin","11/22/08","90","Cal Poly","36","35","Home"
"796","Wisconsin","10/18/08","312","Iowa","16","38","Away"
"796","Wisconsin","10/25/08","301","Illinois","27","17","Home"
"796","Wisconsin","11/01/08","416","Michigan St.","24","25","Away"
"796","Wisconsin","11/08/08","306","Indiana","55","20","Away"
"796","Wisconsin","11/15/08","428","Minnesota","35","32","Home"
"796","Wisconsin","10/11/08","539","Penn St.","7","48","Home"
"811","Wyoming","08/30/08","519","Ohio","21","20","Home"
"811","Wyoming","09/06/08","721","Air Force","3","23","Home"
"811","Wyoming","09/13/08","493","North Dakota St.","16","13","Home"
"811","Wyoming","09/20/08","77","BYU","0","44","Away"
"811","Wyoming","09/27/08","71","Bowling Green","16","45","Home"
"811","Wyoming","11/22/08","156","Colorado St.","20","31","Home"
"811","Wyoming","10/11/08","732","Utah","7","40","Home"
"811","Wyoming","10/25/08","698","TCU","7","54","Away"
"811","Wyoming","11/01/08","626","San Diego St.","35","10","Home"
"811","Wyoming","11/08/08","694","Tennessee","13","7","Away"
"811","Wyoming","11/13/08","465","UNLV","14","22","Away"
"811","Wyoming","10/04/08","473","New Mexico","0","24","Away"
